2014-9-1 20:53:38.250,1,0,4355.2797,6957.6503,1.48,125.61,0.00,0
2014-9-1 20:53:41.234,1,0,4355.2797,6957.6508,0.76,34.65,0.00,0
2014-9-1 20:53:44.250,1,0,4355.2807,6957.6508,0.25,17.19,0.00,0
2014-9-1 20:53:48.0,1,0,4355.2792,6957.6508,0.07,17.19,0.00,0
2014-9-1 20:53:51.0,1,0,4355.2792,6957.6508,0.11,17.19,0.00,0
2014-9-1 20:53:54.0,1,0,4355.2797,6957.6518,0.04,17.19,0.00,0
2014-9-1 20:53:56.984,1,0,4355.2797,6957.6518,0.03,17.19,0.00,0
2014-9-1 20:54:0.0,1,0,4355.2797,6957.6518,0.01,17.19,0.00,0
2014-9-1 20:54:3.0,1,0,4355.2802,6957.6518,0.04,17.19,0.00,0
2014-9-1 20:54:6.0,1,0,4355.2807,6957.6518,0.02,17.19,0.00,0
2014-9-1 20:54:8.984,1,0,4355.2807,6957.6518,0.02,17.19,0.00,0
2014-9-1 20:54:12.0,1,0,4355.2807,6957.6518,0.02,17.19,0.00,0
2014-9-1 20:54:15.0,1,0,4355.2807,6957.6518,0.01,17.19,0.00,0
2014-9-1 20:54:18.0,1,0,4355.2807,6957.6518,0.01,17.19,0.00,0
2014-9-1 20:54:20.984,1,0,4355.2807,6957.6518,0.01,17.19,0.00,0
2014-9-1 20:54:24.0,1,0,4355.2807,6957.6518,0.01,17.19,0.00,0
2014-9-1 20:54:27.0,1,0,4355.2807,6957.6518,0.01,17.19,0.00,0
2014-9-1 20:54:30.0,1,0,4355.2807,6957.6518,0.03,17.19,0.00,0
2014-9-1 20:54:32.984,1,0,4355.2807,6957.6518,0.03,17.19,0.00,0
2014-9-1 20:54:36.0,1,0,4355.2807,6957.6518,0.01,17.19,0.00,0
2014-9-1 20:54:39.0,1,0,4355.2807,6957.6518,0.03,17.19,0.00,0
2014-9-1 20:54:42.0,1,0,4355.2807,6957.6518,0.03,17.19,0.00,0
2014-9-1 20:54:44.984,1,0,4355.2807,6957.6518,0.01,17.19,0.00,0
2014-9-1 20:54:48.0,1,0,4355.2807,6957.6518,0.00,17.19,0.00,0
2014-9-1 20:54:51.0,1,0,4355.2807,6957.6518,0.04,17.19,0.00,0
2014-9-1 20:54:54.0,1,0,4355.2807,6957.6518,0.01,17.19,0.00,0
2014-9-1 20:54:56.984,1,0,4355.2807,6957.6518,0.01,17.19,0.00,0
2014-9-1 20:55:0.0,1,0,4355.2807,6957.6518,0.03,17.19,0.00,0
2014-9-1 20:55:3.0,1,0,4355.2807,6957.6518,0.03,17.19,0.00,0
2014-9-1 20:55:6.0,1,0,4355.2807,6957.6518,0.02,17.19,0.00,0
2014-9-1 20:55:8.984,1,0,4355.2807,6957.6518,0.01,17.19,0.00,0
2014-9-1 20:55:12.0,1,0,4355.2807,6957.6518,0.01,17.19,0.00,0
2014-9-1 20:55:15.0,1,0,4355.2807,6957.6518,0.01,17.19,0.00,0
2014-9-1 20:55:18.0,1,0,4355.2807,6957.6518,0.03,17.19,0.00,0
2014-9-1 20:55:20.984,1,0,4355.2807,6957.6518,0.02,17.19,0.00,0
2014-9-1 20:55:24.0,1,0,4355.2807,6957.6518,0.00,17.19,0.00,0
2014-9-1 20:55:27.0,1,0,4355.2807,6957.6518,0.01,17.19,0.00,0
2014-9-1 20:55:30.0,1,0,4355.2807,6957.6518,0.03,17.19,0.00,0
2014-9-1 20:55:32.984,1,0,4355.2807,6957.6518,0.01,17.19,0.00,0
2014-9-1 20:55:36.0,1,0,4355.2807,6957.6518,0.01,17.19,0.00,0
2014-9-1 20:55:39.0,1,0,4355.2807,6957.6518,0.01,17.19,0.00,0
2014-9-1 20:55:42.0,1,0,4355.2807,6957.6518,0.01,17.19,0.00,0
2014-9-1 20:55:44.984,1,0,4355.2807,6957.6518,0.01,17.19,0.00,0
2014-9-1 20:55:48.0,1,0,4355.2807,6957.6518,0.00,17.19,0.00,0
2014-9-1 20:55:51.0,1,0,4355.2807,6957.6518,0.01,17.19,0.00,0
2014-9-1 20:55:54.0,1,0,4355.2807,6957.6518,0.01,17.19,0.00,0
2014-9-1 20:55:56.984,1,0,4355.2807,6957.6518,0.02,17.19,0.00,0
2014-9-1 20:56:0.0,1,0,4355.2807,6957.6518,0.01,17.19,0.00,0
2014-9-1 20:56:3.0,1,0,4355.2807,6957.6518,0.01,17.19,0.00,0
2014-9-1 20:56:6.0,1,0,4355.2807,6957.6518,0.03,17.19,0.00,0
2014-9-1 20:56:8.984,1,0,4355.2807,6957.6518,0.04,17.19,0.00,0
2014-9-1 20:56:12.0,1,0,4355.2807,6957.6518,0.08,17.19,0.00,0
2014-9-1 20:56:15.0,1,0,4355.2807,6957.6518,0.00,17.19,0.00,0
2014-9-1 20:56:18.0,1,0,4355.2807,6957.6518,0.07,17.19,0.00,0
2014-9-1 20:56:20.984,1,0,4355.2807,6957.6518,0.13,17.19,0.00,0
2014-9-1 20:56:24.0,1,0,4355.2812,6957.6518,0.34,17.19,0.00,0
2014-9-1 20:56:27.0,1,0,4355.2812,6957.6508,0.22,17.19,0.00,0
2014-9-1 20:56:30.0,1,0,4355.2812,6957.6508,0.23,62.62,0.00,0
2014-9-1 20:56:32.984,1,0,4355.2812,6957.6508,0.17,69.08,0.00,0
2014-9-1 20:56:36.0,1,0,4355.2812,6957.6508,0.13,77.13,0.00,0
2014-9-1 20:56:39.0,1,0,4355.2812,6957.6508,0.20,77.13,0.00,0
2014-9-1 20:56:42.0,1,0,4355.2812,6957.6503,0.21,116.25,0.00,0
2014-9-1 20:56:44.984,1,0,4355.2807,6957.6494,0.23,120.01,0.00,0
2014-9-1 20:56:48.0,1,0,4355.2807,6957.6494,0.23,127.99,0.00,0
2014-9-1 20:56:51.0,1,0,4355.2807,6957.6494,0.28,136.89,0.00,0
2014-9-1 20:56:54.0,1,0,4355.2802,6957.6494,0.25,148.69,0.00,0
2014-9-1 20:56:56.984,1,0,4355.2797,6957.6494,0.30,152.52,0.00,0
2014-9-1 20:57:0.0,1,0,4355.2797,6957.6484,0.27,154.26,0.00,0
2014-9-1 20:57:3.0,1,0,4355.2797,6957.6484,0.01,153.54,0.00,0
2014-9-1 20:57:6.0,1,0,4355.2797,6957.6484,0.02,153.54,0.00,0
2014-9-1 20:57:8.984,1,0,4355.2797,6957.6484,0.01,153.54,0.00,0
2014-9-1 20:57:12.0,1,0,4355.2797,6957.6484,0.02,153.54,0.00,0
2014-9-1 20:57:15.0,1,0,4355.2797,6957.6484,0.02,153.54,0.00,0
2014-9-1 20:57:18.0,1,0,4355.2797,6957.6484,0.01,153.54,0.00,0
2014-9-1 20:57:20.984,1,0,4355.2797,6957.6484,0.01,153.54,0.00,0
2014-9-1 20:57:24.0,1,0,4355.2797,6957.6484,0.02,153.54,0.00,0
2014-9-1 20:57:27.0,1,0,4355.2797,6957.6484,0.01,153.54,0.00,0
2014-9-1 20:57:30.0,1,0,4355.2797,6957.6484,0.01,153.54,0.00,0
2014-9-1 20:57:32.984,1,0,4355.2797,6957.6484,0.04,153.54,0.00,0
2014-9-1 20:57:36.0,1,0,4355.2797,6957.6484,0.01,153.54,0.00,0
2014-9-1 20:57:39.0,1,0,4355.2797,6957.6484,0.01,153.54,0.00,0
2014-9-1 20:57:42.0,1,0,4355.2797,6957.6484,0.02,153.54,0.00,0
2014-9-1 20:57:44.984,1,0,4355.2797,6957.6484,0.01,153.54,0.00,0
2014-9-1 20:57:48.0,1,0,4355.2797,6957.6484,0.00,153.54,0.00,0
2014-9-1 20:57:51.0,1,0,4355.2797,6957.6484,0.00,153.54,0.00,0
2014-9-1 20:57:54.0,1,0,4355.2797,6957.6484,0.01,153.54,0.00,0
2014-9-1 20:57:56.984,1,0,4355.2797,6957.6484,0.02,153.54,0.00,0
2014-9-1 20:58:0.0,1,0,4355.2797,6957.6484,0.01,153.54,0.00,0
2014-9-1 20:58:3.0,1,0,4355.2797,6957.6484,0.03,153.54,0.00,0
2014-9-1 20:58:6.0,1,0,4355.2797,6957.6494,0.01,153.54,0.00,0
2014-9-1 20:58:8.0,1,1,4355.2797,6957.6494,0.04,153.54,3.00,9
2014-9-1 20:58:11.0,1,1,4355.2797,6957.6494,0.02,153.54,3.00,9
2014-9-1 20:58:14.0,1,1,4355.2797,6957.6494,0.00,153.54,3.00,9
2014-9-1 20:58:16.984,1,1,4355.2797,6957.6494,0.01,153.54,3.00,9
2014-9-1 20:58:20.0,1,1,4355.2797,6957.6494,0.03,153.54,3.00,9
2014-9-1 20:58:23.0,1,1,4355.2797,6957.6494,0.02,153.54,3.00,9
2014-9-1 20:58:26.0,1,1,4355.2797,6957.6494,0.01,153.54,3.00,9
2014-9-1 20:58:28.984,1,1,4355.2797,6957.6494,0.02,153.54,3.00,9
2014-9-1 20:58:32.0,1,1,4355.2797,6957.6494,0.01,153.54,3.00,9
2014-9-1 20:58:35.0,1,1,4355.2797,6957.6494,0.02,153.54,3.00,9
2014-9-1 20:58:38.0,1,1,4355.2797,6957.6484,0.03,153.54,3.00,9
2014-9-1 20:58:40.984,1,1,4355.2797,6957.6484,0.03,153.54,3.00,9
2014-9-1 20:58:44.0,1,1,4355.2797,6957.6484,0.02,153.54,3.00,9
2014-9-1 20:58:47.0,1,1,4355.2797,6957.6484,0.05,153.54,3.00,9
2014-9-1 20:58:50.0,1,1,4355.2797,6957.6484,0.04,153.54,3.00,9
2014-9-1 20:58:52.984,1,1,4355.2797,6957.6484,0.10,153.54,3.00,9
2014-9-1 20:58:56.0,1,1,4355.2797,6957.6484,0.00,153.54,3.00,9
2014-9-1 20:58:59.0,1,1,4355.2797,6957.6484,0.00,153.54,3.00,9
2014-9-1 20:59:2.0,1,1,4355.2797,6957.6484,0.00,153.54,3.00,9
2014-9-1 20:59:4.984,1,1,4355.2797,6957.6484,0.01,153.54,3.00,9
2014-9-1 20:59:8.0,1,1,4355.2797,6957.6484,0.01,153.54,3.00,9
2014-9-1 20:59:11.0,1,1,4355.2797,6957.6484,0.01,153.54,3.00,9
2014-9-1 20:59:14.0,1,1,4355.2797,6957.6484,0.02,153.54,3.00,9
2014-9-1 20:59:16.984,1,1,4355.2797,6957.6484,0.03,153.54,3.00,9
2014-9-1 20:59:20.0,1,1,4355.2797,6957.6484,0.02,153.54,3.00,9
2014-9-1 20:59:23.0,1,1,4355.2797,6957.6484,0.02,153.54,3.00,9
2014-9-1 20:59:26.0,1,1,4355.2797,6957.6484,0.01,153.54,3.00,9
2014-9-1 20:59:28.984,1,1,4355.2797,6957.6484,0.03,153.54,3.00,9
2014-9-1 20:59:32.0,1,1,4355.2797,6957.6484,0.02,153.54,3.00,9
2014-9-1 20:59:35.0,1,1,4355.2797,6957.6484,0.02,153.54,3.00,9
2014-9-1 20:59:38.0,1,1,4355.2797,6957.6484,0.03,153.54,3.00,9
2014-9-1 20:59:40.984,1,1,4355.2797,6957.6484,0.02,153.54,3.00,9
2014-9-1 20:59:44.0,1,1,4355.2792,6957.6484,0.01,153.54,3.00,9
2014-9-1 20:59:47.0,1,1,4355.2792,6957.6484,0.02,153.54,3.00,9
2014-9-1 20:59:50.0,1,1,4355.2792,6957.6484,0.01,153.54,3.00,9
2014-9-1 20:59:52.984,1,1,4355.2792,6957.6484,0.02,153.54,3.00,9
2014-9-1 20:59:56.0,1,1,4355.2792,6957.6484,0.02,153.54,3.00,9
2014-9-1 20:59:59.0,1,1,4355.2792,6957.6484,0.01,153.54,3.00,9
2014-9-1 21:0:2.0,1,1,4355.2792,6957.6484,0.00,153.54,3.00,9
2014-9-1 21:0:4.984,1,1,4355.2792,6957.6484,0.04,153.54,3.00,9
2014-9-1 21:0:8.0,1,1,4355.2792,6957.6484,0.01,153.54,3.00,9
2014-9-1 21:0:11.0,1,1,4355.2792,6957.6484,0.01,153.54,3.00,9
2014-9-1 21:0:14.0,1,1,4355.2792,6957.6484,0.02,153.54,3.00,9
2014-9-1 21:0:16.984,1,1,4355.2792,6957.6484,0.00,153.54,3.00,9
2014-9-1 21:0:20.0,1,1,4355.2792,6957.6484,0.00,153.54,3.00,9
2014-9-1 21:0:23.0,1,1,4355.2792,6957.6484,0.01,153.54,3.00,9
2014-9-1 21:0:26.0,1,1,4355.2792,6957.6484,0.01,153.54,3.00,9
2014-9-1 21:0:28.984,1,2,4355.2797,6957.6484,0.02,153.54,2.90,9
2014-9-1 21:0:32.0,1,2,4355.2797,6957.6484,0.02,153.54,2.70,9
2014-9-1 21:0:35.0,1,2,4355.2797,6957.6484,0.03,153.54,2.60,9
2014-9-1 21:0:38.0,1,2,4355.2797,6957.6484,0.04,153.54,2.40,9
2014-9-1 21:0:40.984,1,2,4355.2797,6957.6494,0.02,153.54,2.40,9
2014-9-1 21:0:44.0,1,2,4355.2797,6957.6494,0.01,153.54,2.60,9
2014-9-1 21:0:47.0,1,2,4355.2792,6957.6494,0.01,153.54,2.90,9
2014-9-1 21:0:50.0,1,2,4355.2792,6957.6503,0.02,153.54,3.10,9
2014-9-1 21:0:52.984,1,2,4355.2792,6957.6503,0.03,153.54,3.30,9
2014-9-1 21:0:56.0,1,2,4355.2792,6957.6508,0.02,153.54,3.30,9
2014-9-1 21:0:59.0,1,2,4355.2792,6957.6508,0.02,153.54,3.20,9
2014-9-1 21:1:2.0,1,2,4355.2792,6957.6508,0.01,153.54,3.20,9
2014-9-1 21:1:4.984,1,2,4355.2788,6957.6508,0.01,153.54,3.10,9
2014-9-1 21:1:8.0,1,2,4355.2788,6957.6508,0.01,153.54,3.20,9
2014-9-1 21:1:11.0,1,2,4355.2788,6957.6508,0.01,153.54,2.80,9
2014-9-1 21:1:14.0,1,2,4355.2788,6957.6508,0.00,153.54,2.80,9
2014-9-1 21:1:16.984,1,2,4355.2788,6957.6508,0.00,153.54,2.80,9
2014-9-1 21:1:20.0,1,2,4355.2788,6957.6508,0.02,153.54,2.80,9
2014-9-1 21:1:23.0,1,2,4355.2788,6957.6508,0.00,153.54,2.80,9
2014-9-1 21:1:26.0,1,2,4355.2788,6957.6508,0.01,153.54,2.80,9
2014-9-1 21:1:28.984,1,2,4355.2788,6957.6508,0.01,153.54,2.80,9
2014-9-1 21:1:32.0,1,2,4355.2788,6957.6508,0.01,153.54,2.80,9
2014-9-1 21:1:35.0,1,2,4355.2788,6957.6508,0.00,153.54,2.80,9
2014-9-1 21:1:38.0,1,2,4355.2788,6957.6508,0.01,153.54,2.80,9
2014-9-1 21:1:40.984,1,2,4355.2788,6957.6508,0.01,153.54,2.80,9
2014-9-1 21:1:44.0,1,2,4355.2788,6957.6508,0.00,153.54,2.80,9
2014-9-1 21:1:47.0,1,2,4355.2788,6957.6508,0.01,153.54,3.00,9
2014-9-1 21:1:50.0,1,2,4355.2788,6957.6508,0.00,153.54,3.20,9
2014-9-1 21:1:52.984,1,2,4355.2788,6957.6508,0.00,153.54,3.20,9
2014-9-1 21:1:56.0,1,2,4355.2788,6957.6508,0.00,153.54,3.20,9
2014-9-1 21:1:59.0,1,2,4355.2788,6957.6508,0.00,153.54,3.20,9
2014-9-1 21:2:2.0,1,2,4355.2788,6957.6508,0.01,153.54,3.20,9
2014-9-1 21:2:4.984,1,2,4355.2788,6957.6508,0.02,153.54,3.20,9
2014-9-1 21:2:8.0,1,2,4355.2788,6957.6508,0.00,153.54,3.20,9
2014-9-1 21:2:11.0,1,2,4355.2788,6957.6508,0.01,153.54,3.20,9
2014-9-1 21:2:14.0,1,2,4355.2788,6957.6508,0.01,153.54,3.20,9
2014-9-1 21:2:16.984,1,2,4355.2788,6957.6508,0.00,153.54,3.20,9
2014-9-1 21:2:20.0,1,2,4355.2788,6957.6508,0.00,153.54,3.20,9
2014-9-1 21:2:23.0,1,2,4355.2788,6957.6508,0.00,153.54,3.20,9
2014-9-1 21:2:26.0,1,2,4355.2788,6957.6508,0.01,153.54,3.20,9
2014-9-1 21:2:28.984,1,2,4355.2788,6957.6508,0.00,153.54,3.20,9
2014-9-1 21:2:32.0,1,2,4355.2788,6957.6508,0.00,153.54,3.20,9
2014-9-1 21:2:35.0,1,2,4355.2788,6957.6508,0.00,153.54,3.20,9
2014-9-1 21:2:38.0,1,2,4355.2788,6957.6508,0.01,153.54,3.20,9
2014-9-1 21:2:40.984,1,2,4355.2788,6957.6508,0.00,153.54,3.20,9
2014-9-1 21:2:44.0,1,2,4355.2788,6957.6508,0.00,153.54,3.20,9
2014-9-1 21:2:47.0,1,2,4355.2788,6957.6508,0.00,153.54,3.20,9
2014-9-1 21:2:50.0,1,2,4355.2788,6957.6508,0.01,153.54,3.20,9
2014-9-1 21:2:52.984,1,2,4355.2788,6957.6508,0.01,153.54,3.20,9
2014-9-1 21:2:56.0,1,2,4355.2788,6957.6508,0.01,153.54,3.30,9
2014-9-1 21:2:59.0,1,2,4355.2788,6957.6508,0.00,153.54,3.30,9
2014-9-1 21:3:2.0,1,2,4355.2788,6957.6508,0.01,153.54,3.30,9
2014-9-1 21:3:4.984,1,2,4355.2788,6957.6508,0.01,153.54,3.30,9
2014-9-1 21:3:8.0,1,2,4355.2788,6957.6508,0.01,153.54,3.30,9
2014-9-1 21:3:11.0,1,2,4355.2783,6957.6508,0.01,153.54,3.30,9
2014-9-1 21:3:14.0,1,2,4355.2783,6957.6508,0.00,153.54,3.30,9
2014-9-1 21:3:16.984,1,2,4355.2783,6957.6508,0.00,153.54,3.30,9
2014-9-1 21:3:20.0,1,2,4355.2783,6957.6508,0.02,153.54,3.30,9
2014-9-1 21:3:23.0,1,2,4355.2783,6957.6508,0.02,153.54,3.30,9
2014-9-1 21:3:26.0,1,2,4355.2783,6957.6508,0.01,153.54,3.30,9
2014-9-1 21:3:28.984,1,2,4355.2783,6957.6508,0.01,153.54,3.30,9
2014-9-1 21:3:32.0,1,2,4355.2783,6957.6508,0.00,153.54,3.30,9
2014-9-1 21:3:35.0,1,2,4355.2783,6957.6508,0.01,153.54,3.30,9
2014-9-1 21:3:38.0,1,2,4355.2783,6957.6508,0.01,153.54,3.30,9
2014-9-1 21:3:40.984,1,2,4355.2783,6957.6508,0.00,153.54,3.30,9
2014-9-1 21:3:44.0,1,2,4355.2783,6957.6508,0.01,153.54,3.30,9
2014-9-1 21:3:47.0,1,2,4355.2783,6957.6508,0.01,153.54,3.30,9
2014-9-1 21:3:50.0,1,2,4355.2783,6957.6508,0.01,153.54,3.30,9
2014-9-1 21:3:52.984,1,2,4355.2783,6957.6508,0.02,153.54,3.30,9
2014-9-1 21:3:56.0,1,2,4355.2783,6957.6508,0.01,153.54,3.30,9
2014-9-1 21:3:59.0,1,2,4355.2783,6957.6508,0.01,153.54,3.40,9
2014-9-1 21:4:2.0,1,2,4355.2783,6957.6508,0.00,153.54,3.40,9
2014-9-1 21:4:4.984,1,2,4355.2783,6957.6508,0.01,153.54,3.40,9
2014-9-1 21:4:8.0,1,2,4355.2783,6957.6508,0.00,153.54,3.40,9
2014-9-1 21:4:11.0,1,2,4355.2783,6957.6508,0.01,153.54,3.40,9
2014-9-1 21:4:14.0,1,2,4355.2783,6957.6508,0.01,153.54,3.40,9
2014-9-1 21:4:16.984,1,2,4355.2783,6957.6508,0.00,153.54,3.40,9
2014-9-1 21:4:20.0,1,2,4355.2783,6957.6508,0.00,153.54,3.40,9
2014-9-1 21:4:23.0,1,2,4355.2783,6957.6508,0.01,153.54,3.40,9
2014-9-1 21:4:26.0,1,2,4355.2783,6957.6508,0.00,153.54,3.40,9
2014-9-1 21:4:28.984,1,2,4355.2783,6957.6508,0.00,153.54,3.40,9
2014-9-1 21:4:32.0,1,2,4355.2783,6957.6508,0.01,153.54,3.40,9
2014-9-1 21:4:35.0,1,2,4355.2783,6957.6508,0.01,153.54,3.40,9
2014-9-1 21:4:38.0,1,2,4355.2783,6957.6508,0.00,153.54,3.40,9
2014-9-1 21:4:40.984,1,2,4355.2783,6957.6508,0.01,153.54,3.40,9
2014-9-1 21:4:44.0,1,2,4355.2783,6957.6508,0.01,153.54,3.40,9
2014-9-1 21:4:47.0,1,2,4355.2783,6957.6508,0.00,153.54,3.40,9
2014-9-1 21:4:50.0,1,2,4355.2783,6957.6508,0.01,153.54,3.40,9
2014-9-1 21:4:52.984,1,2,4355.2783,6957.6508,0.01,153.54,3.40,9
2014-9-1 21:4:56.0,1,2,4355.2783,6957.6508,0.00,153.54,3.40,9
2014-9-1 21:4:59.0,1,2,4355.2783,6957.6508,0.02,153.54,3.40,9
2014-9-1 21:5:2.0,1,2,4355.2783,6957.6508,0.01,153.54,3.40,9
2014-9-1 21:5:4.984,1,2,4355.2783,6957.6503,0.03,153.54,3.50,9
2014-9-1 21:5:8.0,1,2,4355.2783,6957.6503,0.00,153.54,3.50,9
2014-9-1 21:5:11.0,1,2,4355.2783,6957.6503,0.01,153.54,3.50,9
2014-9-1 21:5:14.0,1,2,4355.2783,6957.6503,0.01,153.54,3.50,9
2014-9-1 21:5:16.984,1,2,4355.2783,6957.6503,0.00,153.54,3.50,9
2014-9-1 21:5:20.0,1,2,4355.2783,6957.6503,0.05,153.54,3.50,9
2014-9-1 21:5:23.0,1,2,4355.2783,6957.6503,0.01,153.54,3.50,9
2014-9-1 21:5:26.0,1,2,4355.2783,6957.6503,0.03,153.54,3.50,9
2014-9-1 21:5:28.984,1,2,4355.2783,6957.6503,0.01,153.54,3.50,9
2014-9-1 21:5:32.0,1,2,4355.2783,6957.6503,0.00,153.54,3.50,9
2014-9-1 21:5:35.0,1,2,4355.2783,6957.6503,0.02,153.54,3.50,9
2014-9-1 21:5:38.0,1,2,4355.2783,6957.6503,0.00,153.54,3.50,9
2014-9-1 21:5:40.984,1,2,4355.2783,6957.6503,0.00,153.54,3.50,9
2014-9-1 21:5:44.0,1,2,4355.2783,6957.6503,0.01,153.54,3.60,9
2014-9-1 21:5:47.0,1,2,4355.2783,6957.6503,0.00,153.54,3.60,9
2014-9-1 21:5:50.0,1,2,4355.2783,6957.6503,0.01,153.54,3.60,9
2014-9-1 21:5:52.984,1,2,4355.2783,6957.6503,0.01,153.54,3.60,9
2014-9-1 21:5:56.0,1,2,4355.2783,6957.6503,0.00,153.54,3.60,9
2014-9-1 21:5:59.0,1,2,4355.2783,6957.6503,0.01,153.54,3.60,9
2014-9-1 21:6:2.0,1,2,4355.2783,6957.6503,0.00,153.54,3.60,9
2014-9-1 21:6:4.984,1,2,4355.2783,6957.6503,0.01,153.54,3.60,9
2014-9-1 21:6:8.0,1,2,4355.2783,6957.6503,0.01,153.54,3.60,9
2014-9-1 21:6:11.0,1,2,4355.2783,6957.6503,0.02,153.54,3.60,9
2014-9-1 21:6:14.0,1,2,4355.2783,6957.6503,0.00,153.54,3.60,9
2014-9-1 21:6:16.984,1,2,4355.2783,6957.6503,0.01,153.54,3.60,9
2014-9-1 21:6:20.0,1,2,4355.2783,6957.6503,0.02,153.54,3.70,9
2014-9-1 21:6:23.0,1,2,4355.2783,6957.6503,0.00,153.54,3.70,9
2014-9-1 21:6:26.0,1,2,4355.2783,6957.6503,0.04,153.54,3.70,9
2014-9-1 21:6:28.984,1,2,4355.2783,6957.6503,0.01,153.54,3.70,9
2014-9-1 21:6:32.0,1,2,4355.2783,6957.6503,0.01,153.54,3.70,9
2014-9-1 21:6:35.0,1,2,4355.2783,6957.6503,0.00,153.54,3.70,9
2014-9-1 21:6:38.0,1,2,4355.2783,6957.6503,0.01,153.54,3.70,9
2014-9-1 21:6:40.984,1,2,4355.2783,6957.6503,0.00,153.54,3.70,9
2014-9-1 21:6:44.0,1,2,4355.2783,6957.6503,0.00,153.54,3.70,9
2014-9-1 21:6:47.0,1,2,4355.2783,6957.6503,0.00,153.54,3.70,9
2014-9-1 21:6:50.0,1,2,4355.2783,6957.6503,0.00,153.54,3.70,9
2014-9-1 21:6:52.984,1,2,4355.2783,6957.6503,0.00,153.54,3.70,9
2014-9-1 21:6:56.0,1,2,4355.2783,6957.6503,0.01,153.54,3.70,9
2014-9-1 21:6:59.0,1,2,4355.2783,6957.6503,0.01,153.54,3.80,9
2014-9-1 21:7:2.0,1,2,4355.2783,6957.6503,0.00,153.54,3.80,9
2014-9-1 21:7:4.984,1,2,4355.2783,6957.6503,0.01,153.54,3.80,9
2014-9-1 21:7:8.0,1,2,4355.2783,6957.6503,0.01,153.54,3.80,9
2014-9-1 21:7:11.0,1,2,4355.2783,6957.6503,0.01,153.54,3.80,9
2014-9-1 21:7:14.0,1,2,4355.2783,6957.6503,0.00,153.54,3.80,9
2014-9-1 21:7:16.984,1,2,4355.2783,6957.6503,0.00,153.54,3.80,9
2014-9-1 21:7:20.0,1,2,4355.2783,6957.6503,0.00,153.54,3.80,9
2014-9-1 21:7:23.0,1,2,4355.2783,6957.6503,0.00,153.54,3.80,9
2014-9-1 21:7:26.0,1,2,4355.2783,6957.6503,0.01,153.54,3.80,9
2014-9-1 21:7:28.984,1,2,4355.2783,6957.6503,0.00,153.54,3.80,9
2014-9-1 21:7:32.0,1,2,4355.2783,6957.6503,0.02,153.54,3.80,9
2014-9-1 21:7:35.0,1,2,4355.2783,6957.6503,0.03,153.54,3.80,9
2014-9-1 21:7:38.0,1,2,4355.2783,6957.6503,0.01,153.54,3.80,9
2014-9-1 21:7:40.984,1,2,4355.2783,6957.6503,0.01,153.54,3.80,9
2014-9-1 21:7:44.0,1,2,4355.2783,6957.6503,0.01,153.54,3.80,9
2014-9-1 21:7:47.0,1,2,4355.2783,6957.6503,0.01,153.54,3.80,9
2014-9-1 21:7:50.0,1,2,4355.2783,6957.6503,0.01,153.54,3.80,9
2014-9-1 21:7:52.984,1,2,4355.2788,6957.6503,0.01,153.54,3.60,9
2014-9-1 21:7:56.0,1,2,4355.2788,6957.6503,0.01,153.54,3.70,9
2014-9-1 21:7:59.0,1,2,4355.2788,6957.6503,0.00,153.54,3.60,9
2014-9-1 21:8:2.0,1,2,4355.2788,6957.6508,0.01,153.54,3.50,9
2014-9-1 21:8:4.984,1,2,4355.2788,6957.6508,0.02,153.54,3.50,9
2014-9-1 21:8:8.0,1,2,4355.2788,6957.6508,0.01,153.54,3.50,9
2014-9-1 21:8:11.0,1,2,4355.2788,6957.6508,0.02,153.54,3.50,9
2014-9-1 21:8:14.0,1,2,4355.2788,6957.6508,0.01,153.54,3.50,9
2014-9-1 21:8:16.984,1,2,4355.2788,6957.6508,0.01,153.54,3.50,9
2014-9-1 21:8:20.0,1,2,4355.2788,6957.6508,0.01,153.54,3.50,9
2014-9-1 21:8:23.0,1,2,4355.2788,6957.6508,0.01,153.54,3.50,9
2014-9-1 21:8:26.0,1,2,4355.2788,6957.6508,0.02,153.54,3.50,9
2014-9-1 21:8:28.984,1,2,4355.2788,6957.6508,0.01,153.54,3.50,9
2014-9-1 21:8:32.0,1,2,4355.2788,6957.6508,0.01,153.54,3.50,9
2014-9-1 21:8:35.0,1,2,4355.2788,6957.6508,0.00,153.54,3.50,9
2014-9-1 21:8:38.0,1,2,4355.2788,6957.6508,0.01,153.54,3.50,9
2014-9-1 21:8:40.984,1,2,4355.2788,6957.6508,0.01,153.54,3.50,9
2014-9-1 21:8:44.0,1,2,4355.2788,6957.6508,0.01,153.54,3.50,9
2014-9-1 21:8:47.0,1,2,4355.2788,6957.6508,0.01,153.54,3.50,9
2014-9-1 21:8:50.0,1,2,4355.2788,6957.6508,0.01,153.54,3.50,9
2014-9-1 21:8:52.984,1,2,4355.2788,6957.6508,0.01,153.54,3.50,9
2014-9-1 21:8:56.0,1,2,4355.2788,6957.6508,0.02,153.54,3.50,9
2014-9-1 21:8:59.0,1,2,4355.2788,6957.6508,0.01,153.54,3.50,9
2014-9-1 21:9:2.0,1,2,4355.2788,6957.6508,0.01,153.54,3.50,9
2014-9-1 21:9:4.984,1,2,4355.2788,6957.6508,0.00,153.54,3.50,9
2014-9-1 21:9:8.0,1,2,4355.2788,6957.6508,0.02,153.54,3.50,9
2014-9-1 21:9:11.0,1,2,4355.2788,6957.6508,0.01,153.54,3.50,9
2014-9-1 21:9:14.0,1,2,4355.2788,6957.6508,0.01,153.54,3.50,9
2014-9-1 21:9:16.984,1,2,4355.2788,6957.6508,0.02,153.54,3.50,9
2014-9-1 21:9:20.0,1,2,4355.2788,6957.6508,0.00,153.54,3.50,9
2014-9-1 21:9:23.0,1,2,4355.2788,6957.6508,0.01,153.54,3.50,9
2014-9-1 21:9:26.0,1,2,4355.2788,6957.6508,0.01,153.54,3.50,9
2014-9-1 21:9:28.984,1,2,4355.2788,6957.6508,0.02,153.54,3.50,9
2014-9-1 21:9:32.0,1,2,4355.2788,6957.6508,0.01,153.54,3.50,9
2014-9-1 21:9:35.0,1,2,4355.2788,6957.6508,0.01,153.54,3.50,9
2014-9-1 21:9:38.0,1,2,4355.2788,6957.6508,0.01,153.54,3.50,9
2014-9-1 21:9:40.984,1,2,4355.2788,6957.6508,0.01,153.54,3.50,9
2014-9-1 21:9:44.0,1,2,4355.2788,6957.6508,0.01,153.54,3.50,9
2014-9-1 21:9:47.0,1,2,4355.2788,6957.6508,0.02,153.54,3.50,9
2014-9-1 21:9:50.0,1,2,4355.2788,6957.6508,0.01,153.54,3.50,9
2014-9-1 21:9:52.984,1,2,4355.2788,6957.6503,0.01,153.54,3.50,9
2014-9-1 21:9:56.0,1,2,4355.2788,6957.6503,0.01,153.54,3.50,9
2014-9-1 21:9:59.0,1,2,4355.2788,6957.6503,0.02,153.54,3.50,9
2014-9-1 21:10:2.0,1,2,4355.2788,6957.6503,0.02,153.54,3.50,9
2014-9-1 21:10:4.984,1,2,4355.2788,6957.6503,0.01,153.54,3.50,9
2014-9-1 21:10:8.0,1,2,4355.2788,6957.6503,0.01,153.54,3.50,9
2014-9-1 21:10:11.0,1,2,4355.2788,6957.6503,0.02,153.54,3.50,9
2014-9-1 21:10:14.0,1,2,4355.2788,6957.6503,0.01,153.54,3.50,9
2014-9-1 21:10:16.984,1,2,4355.2788,6957.6503,0.03,153.54,3.50,9
2014-9-1 21:10:20.0,1,2,4355.2788,6957.6503,0.01,153.54,3.50,9
2014-9-1 21:10:23.0,1,2,4355.2788,6957.6503,0.02,153.54,3.50,9
2014-9-1 21:10:26.0,1,2,4355.2788,6957.6503,0.02,153.54,3.50,9
2014-9-1 21:10:28.984,1,2,4355.2788,6957.6503,0.02,153.54,3.50,9
2014-9-1 21:10:32.0,1,2,4355.2788,6957.6503,0.03,153.54,3.50,9
2014-9-1 21:10:35.0,1,2,4355.2788,6957.6503,0.04,153.54,3.50,9
2014-9-1 21:10:38.0,1,2,4355.2788,6957.6503,0.03,153.54,3.50,9
2014-9-1 21:10:40.984,1,2,4355.2788,6957.6503,0.02,153.54,3.50,9
2014-9-1 21:10:44.0,1,2,4355.2788,6957.6503,0.02,153.54,3.50,9
2014-9-1 21:10:47.0,1,2,4355.2788,6957.6503,0.02,153.54,3.50,9
2014-9-1 21:10:50.0,1,2,4355.2788,6957.6503,0.01,153.54,3.50,9
2014-9-1 21:10:52.984,1,2,4355.2788,6957.6503,0.03,153.54,3.50,9
2014-9-1 21:10:56.0,1,2,4355.2788,6957.6503,0.02,153.54,3.50,9
2014-9-1 21:10:59.0,1,2,4355.2788,6957.6503,0.03,153.54,3.50,9
2014-9-1 21:11:2.0,1,2,4355.2788,6957.6503,0.02,153.54,3.50,9
2014-9-1 21:11:4.984,1,2,4355.2788,6957.6503,0.02,153.54,3.50,9
2014-9-1 21:11:8.0,1,2,4355.2788,6957.6503,0.03,153.54,3.50,9
2014-9-1 21:11:11.0,1,2,4355.2788,6957.6503,0.01,153.54,3.50,9
2014-9-1 21:11:14.0,1,2,4355.2788,6957.6503,0.00,153.54,3.50,9
2014-9-1 21:11:16.984,1,2,4355.2788,6957.6503,0.01,153.54,3.50,8
2014-9-1 21:11:20.0,1,2,4355.2788,6957.6503,0.02,153.54,3.50,9
2014-9-1 21:11:23.0,1,2,4355.2788,6957.6503,0.01,153.54,3.60,8
2014-9-1 21:11:26.0,1,2,4355.2788,6957.6503,0.02,153.54,3.50,8
2014-9-1 21:11:28.984,1,2,4355.2788,6957.6503,0.01,153.54,3.50,8
2014-9-1 21:11:32.0,1,2,4355.2788,6957.6503,0.01,153.54,3.50,8
2014-9-1 21:11:35.0,1,2,4355.2788,6957.6503,0.02,153.54,3.50,8
2014-9-1 21:11:38.0,1,2,4355.2788,6957.6503,0.02,153.54,3.50,8
2014-9-1 21:11:40.984,1,2,4355.2788,6957.6503,0.03,153.54,3.50,8
2014-9-1 21:11:44.0,1,2,4355.2788,6957.6503,0.02,153.54,3.50,8
2014-9-1 21:11:47.0,1,2,4355.2788,6957.6503,0.02,153.54,3.50,8
2014-9-1 21:11:50.0,1,2,4355.2788,6957.6503,0.01,153.54,3.50,8
2014-9-1 21:11:52.984,1,2,4355.2788,6957.6503,0.00,153.54,3.50,8
2014-9-1 21:11:56.0,1,2,4355.2788,6957.6503,0.05,153.54,3.50,8
2014-9-1 21:11:59.0,1,2,4355.2788,6957.6503,0.02,153.54,3.40,9
2014-9-1 21:12:2.0,1,2,4355.2788,6957.6503,0.03,153.54,3.40,9
2014-9-1 21:12:4.984,1,2,4355.2788,6957.6503,0.01,153.54,3.40,9
2014-9-1 21:12:8.0,1,2,4355.2788,6957.6503,0.02,153.54,3.40,9
2014-9-1 21:12:11.0,1,2,4355.2788,6957.6503,0.01,153.54,3.40,9
2014-9-1 21:12:14.0,1,2,4355.2788,6957.6503,0.01,153.54,3.40,9
2014-9-1 21:12:16.984,1,2,4355.2788,6957.6503,0.01,153.54,3.40,9
2014-9-1 21:12:20.0,1,2,4355.2788,6957.6503,0.02,153.54,3.40,9
2014-9-1 21:12:23.0,1,2,4355.2788,6957.6503,0.03,153.54,3.40,9
2014-9-1 21:12:26.0,1,2,4355.2788,6957.6503,0.02,153.54,3.40,9
2014-9-1 21:12:28.984,1,2,4355.2788,6957.6503,0.01,153.54,3.40,9
2014-9-1 21:12:32.0,1,2,4355.2788,6957.6503,0.01,153.54,3.40,9
2014-9-1 21:12:35.0,1,2,4355.2788,6957.6503,0.02,153.54,3.40,9
2014-9-1 21:12:38.0,1,2,4355.2788,6957.6503,0.02,153.54,3.40,9
2014-9-1 21:12:40.984,1,2,4355.2788,6957.6503,0.02,153.54,3.40,9
2014-9-1 21:12:44.0,1,2,4355.2788,6957.6503,0.02,153.54,3.40,9
2014-9-1 21:12:47.0,1,2,4355.2788,6957.6503,0.04,153.54,3.40,9
2014-9-1 21:12:50.0,1,2,4355.2788,6957.6503,0.01,153.54,3.40,8
2014-9-1 21:12:52.984,1,2,4355.2788,6957.6503,0.03,153.54,3.40,8
2014-9-1 21:12:56.0,1,2,4355.2788,6957.6494,0.03,153.54,3.40,8
2014-9-1 21:12:59.0,1,2,4355.2788,6957.6494,0.04,153.54,3.50,8
2014-9-1 21:13:2.0,1,2,4355.2788,6957.6494,0.05,153.54,3.50,8
2014-9-1 21:13:4.984,1,2,4355.2788,6957.6494,0.00,153.54,3.50,8
2014-9-1 21:13:8.0,1,2,4355.2788,6957.6494,0.03,153.54,3.50,8
2014-9-1 21:13:11.0,1,2,4355.2788,6957.6494,0.01,153.54,3.50,9
2014-9-1 21:13:14.0,1,2,4355.2788,6957.6494,0.02,153.54,3.50,9
2014-9-1 21:13:16.984,1,2,4355.2788,6957.6494,0.03,153.54,3.50,9
2014-9-1 21:13:20.0,1,2,4355.2788,6957.6494,0.01,153.54,3.50,9
2014-9-1 21:13:23.0,1,2,4355.2788,6957.6494,0.01,153.54,3.60,9
2014-9-1 21:13:26.0,1,2,4355.2788,6957.6494,0.02,153.54,3.60,8
2014-9-1 21:13:28.984,1,2,4355.2788,6957.6494,0.02,153.54,3.60,9
2014-9-1 21:13:32.0,1,2,4355.2788,6957.6494,0.01,153.54,3.60,9
2014-9-1 21:13:35.0,1,2,4355.2788,6957.6494,0.01,153.54,3.60,9
2014-9-1 21:13:38.0,1,2,4355.2788,6957.6494,0.00,153.54,3.60,9
2014-9-1 21:13:40.984,1,2,4355.2788,6957.6494,0.01,153.54,3.60,9
2014-9-1 21:13:44.0,1,2,4355.2788,6957.6494,0.01,153.54,3.60,9
2014-9-1 21:13:47.0,1,2,4355.2788,6957.6494,0.01,153.54,3.60,9
2014-9-1 21:13:50.0,1,2,4355.2788,6957.6494,0.01,153.54,3.50,9
2014-9-1 21:13:52.984,1,2,4355.2788,6957.6494,0.04,153.54,3.50,9
2014-9-1 21:13:56.0,1,2,4355.2788,6957.6494,0.02,153.54,3.60,9
2014-9-1 21:13:59.0,1,2,4355.2788,6957.6494,0.02,153.54,3.60,9
2014-9-1 21:14:2.0,1,2,4355.2788,6957.6494,0.01,153.54,3.60,9
2014-9-1 21:14:4.984,1,2,4355.2788,6957.6494,0.00,153.54,3.60,9
2014-9-1 21:14:8.0,1,2,4355.2788,6957.6494,0.01,153.54,3.60,9
2014-9-1 21:14:11.0,1,2,4355.2788,6957.6494,0.01,153.54,3.60,9
2014-9-1 21:14:14.0,1,2,4355.2788,6957.6494,0.02,153.54,3.60,9
2014-9-1 21:14:16.984,1,2,4355.2788,6957.6494,0.01,153.54,3.60,9
2014-9-1 21:14:20.0,1,2,4355.2788,6957.6494,0.01,153.54,3.60,9
2014-9-1 21:14:23.0,1,2,4355.2788,6957.6494,0.00,153.54,3.60,9
2014-9-1 21:14:26.0,1,2,4355.2788,6957.6494,0.01,153.54,3.60,9
2014-9-1 21:14:28.984,1,2,4355.2788,6957.6494,0.02,153.54,3.60,9
2014-9-1 21:14:32.0,1,2,4355.2788,6957.6494,0.01,153.54,3.60,9
2014-9-1 21:14:35.0,1,2,4355.2788,6957.6494,0.02,153.54,3.60,9
2014-9-1 21:14:38.0,1,2,4355.2788,6957.6494,0.01,153.54,3.60,9
2014-9-1 21:14:40.984,1,2,4355.2788,6957.6494,0.01,153.54,3.60,9
2014-9-1 21:14:44.0,1,2,4355.2788,6957.6494,0.01,153.54,3.60,9
2014-9-1 21:14:47.0,1,2,4355.2788,6957.6494,0.01,153.54,3.60,9
2014-9-1 21:14:50.0,1,2,4355.2788,6957.6494,0.01,153.54,3.60,9
2014-9-1 21:14:52.984,1,2,4355.2788,6957.6494,0.01,153.54,3.60,9
2014-9-1 21:14:56.0,1,2,4355.2788,6957.6494,0.00,153.54,3.60,9
2014-9-1 21:14:59.0,1,2,4355.2788,6957.6494,0.00,153.54,3.60,9
2014-9-1 21:15:2.0,1,2,4355.2788,6957.6494,0.01,153.54,3.60,9
2014-9-1 21:15:4.984,1,2,4355.2788,6957.6494,0.01,153.54,3.60,9
2014-9-1 21:15:8.0,1,2,4355.2788,6957.6494,0.01,153.54,3.60,9
2014-9-1 21:15:11.0,1,2,4355.2788,6957.6494,0.02,153.54,3.60,9
2014-9-1 21:15:14.0,1,2,4355.2788,6957.6494,0.02,153.54,3.60,9
2014-9-1 21:15:16.984,1,2,4355.2788,6957.6494,0.01,153.54,3.60,9
2014-9-1 21:15:20.0,1,2,4355.2788,6957.6494,0.02,153.54,3.60,9
2014-9-1 21:15:23.0,1,2,4355.2788,6957.6494,0.01,153.54,3.60,9
2014-9-1 21:15:26.0,1,2,4355.2788,6957.6494,0.01,153.54,3.60,9
2014-9-1 21:15:28.984,1,2,4355.2788,6957.6494,0.01,153.54,3.60,9
2014-9-1 21:15:32.0,1,2,4355.2788,6957.6494,0.01,153.54,3.60,9
2014-9-1 21:15:35.0,1,2,4355.2788,6957.6494,0.01,153.54,3.60,9
2014-9-1 21:15:38.0,1,2,4355.2788,6957.6494,0.01,153.54,3.60,9
2014-9-1 21:15:40.984,1,2,4355.2788,6957.6494,0.00,153.54,3.60,9
2014-9-1 21:15:44.0,1,2,4355.2788,6957.6494,0.01,153.54,3.60,9
2014-9-1 21:15:47.0,1,2,4355.2788,6957.6494,0.02,153.54,3.60,9
2014-9-1 21:15:50.0,1,2,4355.2788,6957.6494,0.01,153.54,3.60,9
2014-9-1 21:15:52.984,1,2,4355.2788,6957.6494,0.00,153.54,3.60,9
2014-9-1 21:15:56.0,1,2,4355.2788,6957.6494,0.01,153.54,3.60,9
2014-9-1 21:15:59.0,1,2,4355.2788,6957.6494,0.01,153.54,3.60,8
2014-9-1 21:16:2.0,1,2,4355.2788,6957.6494,0.01,153.54,3.60,9
2014-9-1 21:16:4.984,1,2,4355.2788,6957.6494,0.00,153.54,3.70,9
2014-9-1 21:16:8.0,1,2,4355.2788,6957.6494,0.00,153.54,3.70,8
2014-9-1 21:16:11.0,1,2,4355.2788,6957.6494,0.01,153.54,3.70,8
2014-9-1 21:16:14.0,1,2,4355.2788,6957.6494,0.02,153.54,3.70,8
2014-9-1 21:16:16.984,1,2,4355.2788,6957.6494,0.01,153.54,3.70,8
2014-9-1 21:16:20.0,1,2,4355.2788,6957.6494,0.02,153.54,3.70,8
2014-9-1 21:16:23.0,1,2,4355.2788,6957.6494,0.01,153.54,3.70,8
2014-9-1 21:16:26.0,1,2,4355.2788,6957.6494,0.00,153.54,3.70,8
2014-9-1 21:16:28.984,1,2,4355.2788,6957.6494,0.01,153.54,3.70,8
2014-9-1 21:16:32.0,1,2,4355.2788,6957.6494,0.01,153.54,3.70,8
2014-9-1 21:16:35.0,1,2,4355.2788,6957.6494,0.01,153.54,3.70,8
2014-9-1 21:16:38.0,1,2,4355.2788,6957.6494,0.00,153.54,3.70,8
2014-9-1 21:16:40.984,1,2,4355.2788,6957.6494,0.00,153.54,3.70,8
2014-9-1 21:16:44.0,1,2,4355.2788,6957.6494,0.01,153.54,3.70,8
2014-9-1 21:16:47.0,1,2,4355.2788,6957.6494,0.00,153.54,3.70,8
2014-9-1 21:16:50.0,1,2,4355.2788,6957.6494,0.01,153.54,3.70,8
2014-9-1 21:16:52.984,1,2,4355.2788,6957.6494,0.01,153.54,3.70,8
2014-9-1 21:16:56.0,1,2,4355.2788,6957.6494,0.01,153.54,3.70,8
2014-9-1 21:16:59.0,1,2,4355.2788,6957.6494,0.01,153.54,3.70,8
2014-9-1 21:17:2.0,1,2,4355.2788,6957.6494,0.01,153.54,3.70,8
2014-9-1 21:17:4.984,1,2,4355.2788,6957.6494,0.01,153.54,3.70,8
2014-9-1 21:17:8.0,1,2,4355.2788,6957.6494,0.01,153.54,3.80,8
2014-9-1 21:17:11.0,1,2,4355.2788,6957.6494,0.02,153.54,3.80,8
2014-9-1 21:17:14.0,1,2,4355.2788,6957.6494,0.01,153.54,3.80,8
2014-9-1 21:17:16.984,1,2,4355.2788,6957.6494,0.00,153.54,3.80,8
2014-9-1 21:17:20.0,1,2,4355.2788,6957.6494,0.01,153.54,3.80,8
2014-9-1 21:17:23.0,1,2,4355.2788,6957.6494,0.01,153.54,3.80,8
2014-9-1 21:17:26.0,1,2,4355.2788,6957.6494,0.01,153.54,3.80,8
2014-9-1 21:17:28.984,1,2,4355.2788,6957.6494,0.01,153.54,3.80,8
2014-9-1 21:17:32.0,1,2,4355.2788,6957.6494,0.03,153.54,3.80,8
2014-9-1 21:17:35.0,1,2,4355.2788,6957.6494,0.02,153.54,3.80,8
2014-9-1 21:17:38.0,1,2,4355.2788,6957.6494,0.01,153.54,3.80,8
2014-9-1 21:17:40.984,1,2,4355.2788,6957.6494,0.02,153.54,3.90,8
2014-9-1 21:17:44.0,1,2,4355.2788,6957.6503,0.01,153.54,3.90,8
2014-9-1 21:17:47.0,1,2,4355.2788,6957.6503,0.00,153.54,3.90,8
2014-9-1 21:17:50.0,1,2,4355.2788,6957.6503,0.00,153.54,3.80,8
2014-9-1 21:17:52.984,1,2,4355.2788,6957.6503,0.00,153.54,3.90,8
2014-9-1 21:17:56.0,1,2,4355.2788,6957.6503,0.01,153.54,3.90,8
2014-9-1 21:17:59.0,1,2,4355.2788,6957.6503,0.00,153.54,3.90,8
2014-9-1 21:18:2.0,1,2,4355.2788,6957.6503,0.01,153.54,3.90,8
2014-9-1 21:18:4.984,1,2,4355.2788,6957.6503,0.01,153.54,3.90,8
2014-9-1 21:18:8.0,1,2,4355.2788,6957.6503,0.00,153.54,3.90,8
2014-9-1 21:18:11.0,1,2,4355.2788,6957.6503,0.01,153.54,3.90,8
2014-9-1 21:18:14.0,1,2,4355.2788,6957.6503,0.01,153.54,3.90,8
2014-9-1 21:18:16.984,1,2,4355.2788,6957.6503,0.01,153.54,3.90,8
2014-9-1 21:18:20.0,1,2,4355.2788,6957.6503,0.01,153.54,3.90,8
2014-9-1 21:18:23.0,1,2,4355.2788,6957.6503,0.02,153.54,3.90,8
2014-9-1 21:18:26.0,1,2,4355.2788,6957.6503,0.01,153.54,3.90,8
2014-9-1 21:18:28.984,1,2,4355.2788,6957.6503,0.00,153.54,3.90,8
2014-9-1 21:18:32.0,1,2,4355.2788,6957.6503,0.01,153.54,3.90,8
2014-9-1 21:18:35.0,1,2,4355.2788,6957.6503,0.01,153.54,3.90,8
2014-9-1 21:18:38.0,1,2,4355.2788,6957.6503,0.00,153.54,3.90,8
2014-9-1 21:18:40.984,1,2,4355.2788,6957.6503,0.00,153.54,3.90,8
2014-9-1 21:18:44.0,1,2,4355.2788,6957.6503,0.01,153.54,4.00,8
2014-9-1 21:18:47.0,1,2,4355.2788,6957.6503,0.01,153.54,4.00,8
2014-9-1 21:18:50.0,1,2,4355.2788,6957.6503,0.01,153.54,4.00,8
2014-9-1 21:18:52.984,1,2,4355.2788,6957.6503,0.01,153.54,4.00,8
2014-9-1 21:18:56.0,1,2,4355.2788,6957.6503,0.02,153.54,4.00,8
2014-9-1 21:18:59.0,1,2,4355.2788,6957.6503,0.00,153.54,4.00,8
2014-9-1 21:19:2.0,1,2,4355.2788,6957.6494,0.01,153.54,4.00,8
2014-9-1 21:19:4.984,1,2,4355.2788,6957.6494,0.00,153.54,4.00,8
2014-9-1 21:19:8.0,1,2,4355.2788,6957.6494,0.01,153.54,4.00,8
2014-9-1 21:19:11.0,1,2,4355.2788,6957.6494,0.01,153.54,4.00,8
2014-9-1 21:19:14.0,1,2,4355.2788,6957.6494,0.02,153.54,4.00,8
2014-9-1 21:19:16.984,1,2,4355.2788,6957.6494,0.00,153.54,4.00,8
2014-9-1 21:19:20.0,1,2,4355.2788,6957.6494,0.03,153.54,4.00,8
2014-9-1 21:19:23.0,1,2,4355.2788,6957.6494,0.01,153.54,4.00,8
2014-9-1 21:19:26.0,1,2,4355.2788,6957.6494,0.01,153.54,4.00,8
2014-9-1 21:19:28.984,1,2,4355.2788,6957.6494,0.02,153.54,4.10,8
2014-9-1 21:19:32.0,1,2,4355.2788,6957.6494,0.01,153.54,4.10,8
2014-9-1 21:19:35.0,1,2,4355.2788,6957.6494,0.01,153.54,4.10,8
2014-9-1 21:19:38.0,1,2,4355.2788,6957.6494,0.01,153.54,4.10,8
2014-9-1 21:19:40.984,1,2,4355.2788,6957.6494,0.01,153.54,4.10,8
2014-9-1 21:19:44.0,1,2,4355.2788,6957.6494,0.01,153.54,4.10,8
2014-9-1 21:19:47.0,1,2,4355.2788,6957.6494,0.01,153.54,4.10,8
2014-9-1 21:19:50.0,1,2,4355.2788,6957.6494,0.02,153.54,4.10,8
2014-9-1 21:19:52.984,1,2,4355.2788,6957.6494,0.01,153.54,4.10,8
2014-9-1 21:19:56.0,1,2,4355.2788,6957.6494,0.00,153.54,4.10,8
2014-9-1 21:19:59.0,1,2,4355.2788,6957.6494,0.00,153.54,4.10,8
2014-9-1 21:20:2.0,1,2,4355.2788,6957.6494,0.01,153.54,4.10,8
2014-9-1 21:20:4.984,1,2,4355.2788,6957.6494,0.00,153.54,4.10,8
2014-9-1 21:20:8.0,1,2,4355.2788,6957.6494,0.00,153.54,4.10,8
2014-9-1 21:20:11.0,1,2,4355.2788,6957.6494,0.02,153.54,4.10,8
2014-9-1 21:20:14.0,1,2,4355.2788,6957.6494,0.01,153.54,4.10,8
2014-9-1 21:20:16.984,1,2,4355.2788,6957.6494,0.00,153.54,4.10,8
2014-9-1 21:20:20.0,1,2,4355.2788,6957.6494,0.00,153.54,4.10,8
2014-9-1 21:20:23.0,1,2,4355.2788,6957.6494,0.00,153.54,4.10,8
2014-9-1 21:20:26.0,1,2,4355.2788,6957.6494,0.02,153.54,4.10,8
2014-9-1 21:20:28.984,1,2,4355.2788,6957.6494,0.01,153.54,4.10,8
2014-9-1 21:20:32.0,1,2,4355.2788,6957.6494,0.01,153.54,4.10,8
2014-9-1 21:20:35.0,1,2,4355.2788,6957.6494,0.02,153.54,4.10,8
2014-9-1 21:20:38.0,1,2,4355.2788,6957.6494,0.01,153.54,4.10,8
2014-9-1 21:20:40.984,1,2,4355.2788,6957.6494,0.01,153.54,4.10,8
2014-9-1 21:20:44.0,1,2,4355.2788,6957.6494,0.01,153.54,4.10,7
2014-9-1 21:20:47.0,1,2,4355.2788,6957.6494,0.00,153.54,4.10,7
2014-9-1 21:20:50.0,1,2,4355.2788,6957.6494,0.01,153.54,4.10,7
2014-9-1 21:20:52.984,1,2,4355.2788,6957.6494,0.01,153.54,4.10,7
2014-9-1 21:20:56.0,1,2,4355.2788,6957.6494,0.00,153.54,4.10,7
2014-9-1 21:20:59.0,1,2,4355.2788,6957.6494,0.01,153.54,4.10,7
2014-9-1 21:21:2.0,1,2,4355.2788,6957.6494,0.00,153.54,4.10,7
2014-9-1 21:21:4.984,1,2,4355.2788,6957.6494,0.02,153.54,4.10,7
2014-9-1 21:21:8.0,1,2,4355.2788,6957.6494,0.01,153.54,4.10,8
2014-9-1 21:21:11.0,1,2,4355.2788,6957.6494,0.01,153.54,4.10,8
2014-9-1 21:21:14.0,1,2,4355.2788,6957.6494,0.01,153.54,4.20,8
2014-9-1 21:21:16.984,1,2,4355.2788,6957.6494,0.01,153.54,4.20,8
2014-9-1 21:21:20.0,1,2,4355.2788,6957.6494,0.01,153.54,4.20,8
2014-9-1 21:21:23.0,1,2,4355.2788,6957.6494,0.01,153.54,4.20,8
2014-9-1 21:21:26.0,1,2,4355.2788,6957.6494,0.00,153.54,4.20,8
2014-9-1 21:21:28.984,1,2,4355.2788,6957.6494,0.00,153.54,4.20,8
2014-9-1 21:21:32.0,1,2,4355.2788,6957.6494,0.01,153.54,4.20,8
2014-9-1 21:21:35.0,1,2,4355.2788,6957.6494,0.00,153.54,4.20,8
2014-9-1 21:21:38.0,1,2,4355.2788,6957.6494,0.01,153.54,4.20,8
2014-9-1 21:21:40.984,1,2,4355.2788,6957.6494,0.01,153.54,4.20,8
2014-9-1 21:21:44.0,1,2,4355.2788,6957.6494,0.01,153.54,4.20,8
2014-9-1 21:21:47.0,1,2,4355.2788,6957.6494,0.00,153.54,4.20,8
2014-9-1 21:21:50.0,1,2,4355.2788,6957.6494,0.00,153.54,4.20,8
2014-9-1 21:21:52.984,1,2,4355.2788,6957.6494,0.01,153.54,4.20,8
2014-9-1 21:21:56.0,1,2,4355.2788,6957.6494,0.02,153.54,4.20,8
2014-9-1 21:21:59.0,1,2,4355.2788,6957.6494,0.01,153.54,4.20,8
2014-9-1 21:22:2.0,1,2,4355.2788,6957.6494,0.00,153.54,4.20,8
2014-9-1 21:22:4.984,1,2,4355.2788,6957.6494,0.00,153.54,4.20,8
2014-9-1 21:22:8.0,1,2,4355.2788,6957.6494,0.01,153.54,4.20,8
2014-9-1 21:22:11.0,1,2,4355.2788,6957.6494,0.00,153.54,4.20,8
2014-9-1 21:22:14.0,1,2,4355.2788,6957.6494,0.00,153.54,4.20,8
2014-9-1 21:22:16.984,1,2,4355.2788,6957.6494,0.01,153.54,4.20,8
2014-9-1 21:22:20.0,1,2,4355.2788,6957.6494,0.01,153.54,4.20,8
2014-9-1 21:22:23.0,1,2,4355.2788,6957.6494,0.01,153.54,4.20,8
2014-9-1 21:22:26.0,1,2,4355.2788,6957.6494,0.02,153.54,4.20,8
2014-9-1 21:22:28.984,1,2,4355.2788,6957.6494,0.00,153.54,4.20,8
2014-9-1 21:22:32.0,1,2,4355.2788,6957.6494,0.01,153.54,4.20,8
2014-9-1 21:22:35.0,1,2,4355.2788,6957.6494,0.00,153.54,4.20,8
2014-9-1 21:22:38.0,1,2,4355.2788,6957.6494,0.02,153.54,4.20,8
2014-9-1 21:22:40.984,1,2,4355.2788,6957.6494,0.01,153.54,4.20,8
2014-9-1 21:22:44.0,1,2,4355.2788,6957.6494,0.01,153.54,4.20,8
2014-9-1 21:22:47.0,1,2,4355.2788,6957.6494,0.00,153.54,4.20,8
2014-9-1 21:22:50.0,1,2,4355.2788,6957.6494,0.01,153.54,4.30,8
2014-9-1 21:22:52.984,1,2,4355.2788,6957.6494,0.01,153.54,4.30,8
2014-9-1 21:22:56.0,1,2,4355.2788,6957.6494,0.01,153.54,4.30,8
2014-9-1 21:22:59.0,1,2,4355.2788,6957.6494,0.01,153.54,4.30,8
2014-9-1 21:23:2.0,1,2,4355.2788,6957.6494,0.00,153.54,4.30,8
2014-9-1 21:23:4.984,1,2,4355.2788,6957.6494,0.01,153.54,4.30,8
2014-9-1 21:23:8.0,1,2,4355.2788,6957.6494,0.01,153.54,4.30,8
2014-9-1 21:23:11.0,1,2,4355.2788,6957.6494,0.02,153.54,4.30,8
2014-9-1 21:23:14.0,1,2,4355.2788,6957.6494,0.01,153.54,4.30,8
2014-9-1 21:23:16.984,1,2,4355.2788,6957.6494,0.01,153.54,4.30,8
2014-9-1 21:23:20.0,1,2,4355.2788,6957.6494,0.01,153.54,4.30,8
2014-9-1 21:23:23.0,1,2,4355.2788,6957.6494,0.01,153.54,4.30,8
2014-9-1 21:23:26.0,1,2,4355.2788,6957.6494,0.01,153.54,4.30,8
2014-9-1 21:23:28.984,1,2,4355.2788,6957.6494,0.00,153.54,4.30,8
2014-9-1 21:23:32.0,1,2,4355.2788,6957.6494,0.02,153.54,4.30,8
2014-9-1 21:23:35.0,1,2,4355.2788,6957.6494,0.03,153.54,4.30,8
2014-9-1 21:23:38.0,1,2,4355.2788,6957.6494,0.01,153.54,4.30,8
2014-9-1 21:23:40.984,1,2,4355.2788,6957.6494,0.02,153.54,4.30,8
2014-9-1 21:23:44.0,1,2,4355.2788,6957.6494,0.00,153.54,4.30,8
2014-9-1 21:23:47.0,1,2,4355.2788,6957.6494,0.00,153.54,4.30,8
2014-9-1 21:23:50.0,1,2,4355.2788,6957.6494,0.01,153.54,4.30,8
2014-9-1 21:23:52.984,1,2,4355.2788,6957.6494,0.01,153.54,4.30,8
2014-9-1 21:23:56.0,1,2,4355.2788,6957.6494,0.00,153.54,4.30,8
2014-9-1 21:23:59.0,1,2,4355.2788,6957.6494,0.01,153.54,4.30,8
2014-9-1 21:24:2.0,1,2,4355.2788,6957.6494,0.02,153.54,4.30,8
2014-9-1 21:24:4.984,1,2,4355.2788,6957.6494,0.03,153.54,4.30,8
2014-9-1 21:24:8.0,1,2,4355.2788,6957.6494,0.01,153.54,4.30,8
2014-9-1 21:24:11.0,1,2,4355.2788,6957.6494,0.01,153.54,4.30,8
2014-9-1 21:24:14.0,1,2,4355.2788,6957.6494,0.02,153.54,4.30,8
2014-9-1 21:24:16.984,1,2,4355.2788,6957.6494,0.01,153.54,4.30,8
2014-9-1 21:24:20.0,1,2,4355.2788,6957.6494,0.02,153.54,4.30,8
2014-9-1 21:24:23.0,1,2,4355.2788,6957.6494,0.02,153.54,4.30,8
2014-9-1 21:24:26.0,1,2,4355.2788,6957.6494,0.03,153.54,4.30,8
2014-9-1 21:24:28.984,1,2,4355.2792,6957.6494,0.02,153.54,4.30,8
2014-9-1 21:24:32.0,1,2,4355.2792,6957.6494,0.02,153.54,4.30,8
2014-9-1 21:24:35.0,1,2,4355.2792,6957.6494,0.03,153.54,4.30,8
2014-9-1 21:24:38.0,1,2,4355.2792,6957.6494,0.02,153.54,4.30,8
2014-9-1 21:24:40.984,1,2,4355.2792,6957.6494,0.01,153.54,4.30,8
2014-9-1 21:24:44.0,1,2,4355.2792,6957.6494,0.01,153.54,4.30,8
2014-9-1 21:24:47.0,1,2,4355.2792,6957.6494,0.00,153.54,4.30,8
2014-9-1 21:24:50.0,1,2,4355.2792,6957.6494,0.01,153.54,4.30,8
2014-9-1 21:24:52.984,1,2,4355.2792,6957.6494,0.03,153.54,4.30,8
2014-9-1 21:24:56.0,1,2,4355.2792,6957.6494,0.00,153.54,4.30,8
2014-9-1 21:24:59.0,1,2,4355.2792,6957.6503,0.01,153.54,4.40,8
2014-9-1 21:25:2.0,1,2,4355.2792,6957.6503,0.02,153.54,4.50,8
2014-9-1 21:25:4.984,1,2,4355.2792,6957.6503,0.01,153.54,4.50,8
2014-9-1 21:25:8.0,1,2,4355.2792,6957.6503,0.01,153.54,4.50,8
2014-9-1 21:25:11.0,1,2,4355.2792,6957.6503,0.01,153.54,4.50,8
2014-9-1 21:25:14.0,1,2,4355.2792,6957.6503,0.01,153.54,4.50,8
2014-9-1 21:25:16.984,1,2,4355.2792,6957.6503,0.01,153.54,4.50,8
2014-9-1 21:25:20.0,1,2,4355.2792,6957.6503,0.01,153.54,4.50,8
2014-9-1 21:25:23.0,1,2,4355.2792,6957.6503,0.02,153.54,4.50,8
2014-9-1 21:25:26.0,1,2,4355.2792,6957.6503,0.00,153.54,4.50,8
2014-9-1 21:25:28.984,1,2,4355.2792,6957.6503,0.01,153.54,4.50,9
2014-9-1 21:25:32.0,1,2,4355.2792,6957.6503,0.00,153.54,4.50,9
2014-9-1 21:25:35.0,1,2,4355.2792,6957.6503,0.01,153.54,4.50,9
2014-9-1 21:25:38.0,1,2,4355.2792,6957.6503,0.01,153.54,4.50,9
2014-9-1 21:25:40.984,1,2,4355.2792,6957.6503,0.01,153.54,4.50,9
2014-9-1 21:25:44.0,1,2,4355.2792,6957.6503,0.04,153.54,4.50,9
2014-9-1 21:25:47.0,1,2,4355.2792,6957.6503,0.01,153.54,4.50,9
2014-9-1 21:25:50.0,1,2,4355.2792,6957.6503,0.01,153.54,4.40,9
2014-9-1 21:25:52.984,1,2,4355.2792,6957.6503,0.01,153.54,4.50,9
2014-9-1 21:25:56.0,1,2,4355.2792,6957.6503,0.01,153.54,4.50,9
2014-9-1 21:25:59.0,1,2,4355.2792,6957.6503,0.00,153.54,4.50,9
2014-9-1 21:26:2.0,1,2,4355.2792,6957.6503,0.01,153.54,4.50,9
2014-9-1 21:26:4.984,1,2,4355.2792,6957.6503,0.01,153.54,4.50,9
2014-9-1 21:26:8.0,1,2,4355.2792,6957.6503,0.02,153.54,4.50,9
2014-9-1 21:26:11.0,1,2,4355.2792,6957.6503,0.03,153.54,4.50,9
2014-9-1 21:26:14.0,1,2,4355.2792,6957.6503,0.01,153.54,4.50,9
2014-9-1 21:26:16.984,1,2,4355.2792,6957.6503,0.02,153.54,4.50,9
2014-9-1 21:26:20.0,1,2,4355.2792,6957.6503,0.01,153.54,4.50,9
2014-9-1 21:26:23.0,1,2,4355.2792,6957.6503,0.02,153.54,4.50,9
2014-9-1 21:26:26.0,1,2,4355.2792,6957.6503,0.01,153.54,4.50,9
2014-9-1 21:26:28.984,1,2,4355.2792,6957.6503,0.03,153.54,4.50,9
2014-9-1 21:26:32.0,1,2,4355.2792,6957.6503,0.01,153.54,4.50,9
2014-9-1 21:26:35.0,1,2,4355.2792,6957.6503,0.02,153.54,4.50,9
2014-9-1 21:26:38.0,1,2,4355.2792,6957.6503,0.02,153.54,4.50,9
2014-9-1 21:26:40.984,1,2,4355.2792,6957.6503,0.01,153.54,4.50,9
2014-9-1 21:26:44.0,1,2,4355.2792,6957.6503,0.00,153.54,4.50,9
2014-9-1 21:26:47.0,1,2,4355.2792,6957.6503,0.01,153.54,4.50,9
2014-9-1 21:26:50.0,1,2,4355.2792,6957.6503,0.02,153.54,4.50,9
2014-9-1 21:26:52.984,1,2,4355.2792,6957.6503,0.01,153.54,4.50,9
2014-9-1 21:26:56.0,1,2,4355.2792,6957.6503,0.01,153.54,4.50,9
2014-9-1 21:26:59.0,1,2,4355.2792,6957.6503,0.00,153.54,4.50,9
2014-9-1 21:27:2.0,1,2,4355.2792,6957.6503,0.01,153.54,4.50,9
2014-9-1 21:27:4.984,1,2,4355.2792,6957.6503,0.01,153.54,4.50,9
2014-9-1 21:27:8.0,1,2,4355.2792,6957.6503,0.01,153.54,4.50,9
2014-9-1 21:27:11.0,1,2,4355.2792,6957.6503,0.01,153.54,4.50,9
2014-9-1 21:27:14.0,1,2,4355.2792,6957.6503,0.01,153.54,4.50,9
2014-9-1 21:27:16.984,1,2,4355.2792,6957.6503,0.01,153.54,4.50,9
2014-9-1 21:27:20.0,1,2,4355.2792,6957.6503,0.01,153.54,4.50,9
2014-9-1 21:27:23.0,1,2,4355.2792,6957.6503,0.01,153.54,4.50,9
2014-9-1 21:27:26.0,1,2,4355.2792,6957.6503,0.00,153.54,4.50,9
2014-9-1 21:27:28.984,1,2,4355.2792,6957.6503,0.00,153.54,4.60,9
2014-9-1 21:27:32.0,1,2,4355.2792,6957.6503,0.00,153.54,4.60,9
2014-9-1 21:27:35.0,1,2,4355.2792,6957.6503,0.02,153.54,4.50,9
2014-9-1 21:27:38.0,1,2,4355.2792,6957.6503,0.00,153.54,4.60,9
2014-9-1 21:27:40.984,1,2,4355.2792,6957.6503,0.00,153.54,4.60,9
2014-9-1 21:27:44.0,1,2,4355.2792,6957.6503,0.02,153.54,4.60,9
2014-9-1 21:27:47.0,1,2,4355.2792,6957.6503,0.01,153.54,4.60,9
2014-9-1 21:27:50.0,1,2,4355.2792,6957.6503,0.01,153.54,4.60,9
2014-9-1 21:27:52.984,1,2,4355.2797,6957.6503,0.01,153.54,4.60,9
2014-9-1 21:27:56.0,1,2,4355.2797,6957.6503,0.01,153.54,4.60,9
2014-9-1 21:27:59.0,1,2,4355.2797,6957.6503,0.00,153.54,4.60,9
2014-9-1 21:28:2.0,1,2,4355.2797,6957.6503,0.02,153.54,4.60,9
2014-9-1 21:28:4.984,1,2,4355.2797,6957.6503,0.01,153.54,4.60,9
2014-9-1 21:28:8.0,1,2,4355.2797,6957.6503,0.01,153.54,4.60,9
2014-9-1 21:28:11.0,1,2,4355.2797,6957.6503,0.02,153.54,4.60,9
2014-9-1 21:28:14.0,1,2,4355.2797,6957.6503,0.01,153.54,4.70,9
2014-9-1 21:28:16.984,1,2,4355.2797,6957.6508,0.01,153.54,4.80,9
2014-9-1 21:28:20.0,1,2,4355.2797,6957.6508,0.02,153.54,4.90,9
2014-9-1 21:28:23.0,1,2,4355.2797,6957.6508,0.01,153.54,4.90,9
2014-9-1 21:28:26.0,1,2,4355.2797,6957.6508,0.01,153.54,4.90,9
2014-9-1 21:28:28.984,1,2,4355.2797,6957.6508,0.00,153.54,4.90,9
2014-9-1 21:28:32.0,1,2,4355.2797,6957.6508,0.01,153.54,4.90,9
2014-9-1 21:28:35.0,1,2,4355.2797,6957.6508,0.01,153.54,5.00,9
2014-9-1 21:28:38.0,1,2,4355.2802,6957.6508,0.01,153.54,5.20,9
2014-9-1 21:28:40.984,1,2,4355.2802,6957.6508,0.01,153.54,5.50,9
2014-9-1 21:28:44.0,1,2,4355.2802,6957.6508,0.01,153.54,5.80,9
2014-9-1 21:28:47.0,1,2,4355.2802,6957.6508,0.01,153.54,6.00,9
2014-9-1 21:28:50.0,1,2,4355.2802,6957.6508,0.01,153.54,6.10,9
2014-9-1 21:28:52.984,1,2,4355.2802,6957.6508,0.01,153.54,6.20,9
2014-9-1 21:28:56.0,1,2,4355.2802,6957.6508,0.01,153.54,6.10,9
2014-9-1 21:28:59.0,1,2,4355.2807,6957.6508,0.01,153.54,6.10,9
2014-9-1 21:29:2.0,1,2,4355.2807,6957.6508,0.01,153.54,6.10,9
2014-9-1 21:29:4.984,1,2,4355.2807,6957.6508,0.01,153.54,6.10,9
2014-9-1 21:29:8.0,1,2,4355.2807,6957.6508,0.00,153.54,6.10,9
2014-9-1 21:29:11.0,1,2,4355.2807,6957.6508,0.01,153.54,6.10,9
2014-9-1 21:29:14.0,1,2,4355.2807,6957.6508,0.00,153.54,6.10,9
2014-9-1 21:29:16.984,1,2,4355.2807,6957.6508,0.01,153.54,6.10,9
2014-9-1 21:29:20.0,1,2,4355.2807,6957.6508,0.02,153.54,6.10,9
2014-9-1 21:29:23.0,1,2,4355.2807,6957.6508,0.01,153.54,6.10,9
2014-9-1 21:29:26.0,1,2,4355.2807,6957.6508,0.01,153.54,6.10,9
2014-9-1 21:29:28.984,1,2,4355.2807,6957.6508,0.01,153.54,6.10,9
2014-9-1 21:29:32.0,1,2,4355.2807,6957.6508,0.01,153.54,6.10,9
2014-9-1 21:29:35.0,1,2,4355.2807,6957.6508,0.01,153.54,6.10,9
2014-9-1 21:29:38.0,1,2,4355.2807,6957.6508,0.00,153.54,6.10,9
2014-9-1 21:29:40.984,1,2,4355.2807,6957.6508,0.01,153.54,6.10,9
2014-9-1 21:29:44.0,1,2,4355.2807,6957.6508,0.01,153.54,6.10,9
2014-9-1 21:29:47.0,1,2,4355.2807,6957.6508,0.01,153.54,6.10,9
2014-9-1 21:29:50.0,1,2,4355.2807,6957.6508,0.02,153.54,6.10,9
2014-9-1 21:29:52.984,1,2,4355.2807,6957.6508,0.02,153.54,6.10,9
2014-9-1 21:29:56.0,1,2,4355.2807,6957.6508,0.01,153.54,6.10,9
2014-9-1 21:29:59.0,1,2,4355.2807,6957.6508,0.01,153.54,6.10,9
2014-9-1 21:30:2.0,1,2,4355.2807,6957.6508,0.02,153.54,6.10,9
2014-9-1 21:30:4.984,1,2,4355.2807,6957.6508,0.00,153.54,6.10,9
2014-9-1 21:30:8.0,1,2,4355.2807,6957.6508,0.02,153.54,6.10,9
2014-9-1 21:30:11.0,1,2,4355.2807,6957.6508,0.01,153.54,6.10,9
2014-9-1 21:30:14.0,1,2,4355.2807,6957.6508,0.01,153.54,6.10,9
2014-9-1 21:30:16.984,1,2,4355.2807,6957.6508,0.01,153.54,6.10,9
2014-9-1 21:30:20.0,1,2,4355.2807,6957.6508,0.04,153.54,6.10,9
2014-9-1 21:30:23.0,1,2,4355.2807,6957.6508,0.01,153.54,6.10,9
2014-9-1 21:30:26.0,1,2,4355.2807,6957.6508,0.01,153.54,6.10,9
2014-9-1 21:30:28.984,1,2,4355.2807,6957.6508,0.03,153.54,6.10,9
2014-9-1 21:30:32.0,1,2,4355.2807,6957.6508,0.02,153.54,6.10,9
2014-9-1 21:30:35.0,1,2,4355.2807,6957.6508,0.03,153.54,6.10,9
2014-9-1 21:30:38.0,1,2,4355.2807,6957.6508,0.01,153.54,6.10,9
2014-9-1 21:30:40.984,1,2,4355.2807,6957.6508,0.03,153.54,6.10,9
2014-9-1 21:30:44.0,1,2,4355.2807,6957.6508,0.02,153.54,6.10,9
2014-9-1 21:30:47.0,1,2,4355.2807,6957.6508,0.02,153.54,6.10,9
2014-9-1 21:30:50.0,1,2,4355.2807,6957.6508,0.01,153.54,6.10,9
2014-9-1 21:30:52.984,1,2,4355.2802,6957.6508,0.05,153.54,6.10,9
2014-9-1 21:30:56.0,1,2,4355.2802,6957.6508,0.02,153.54,6.10,9
2014-9-1 21:30:59.0,1,2,4355.2802,6957.6508,0.03,153.54,6.10,9
2014-9-1 21:31:2.0,1,2,4355.2802,6957.6508,0.02,153.54,6.10,9
2014-9-1 21:31:4.984,1,2,4355.2802,6957.6508,0.04,153.54,6.10,9
2014-9-1 21:31:8.0,1,2,4355.2802,6957.6508,0.01,153.54,6.10,9
2014-9-1 21:31:11.0,1,2,4355.2802,6957.6508,0.00,153.54,6.10,9
2014-9-1 21:31:14.0,1,2,4355.2802,6957.6508,0.04,153.54,6.10,9
2014-9-1 21:31:16.984,1,2,4355.2802,6957.6508,0.02,153.54,6.10,9
2014-9-1 21:31:20.0,1,2,4355.2802,6957.6508,0.03,153.54,6.10,9
2014-9-1 21:31:23.0,1,2,4355.2802,6957.6508,0.02,153.54,6.10,9
2014-9-1 21:31:26.0,1,2,4355.2802,6957.6508,0.03,153.54,6.10,9
2014-9-1 21:31:28.984,1,2,4355.2802,6957.6508,0.02,153.54,6.10,9
2014-9-1 21:31:32.0,1,2,4355.2802,6957.6508,0.02,153.54,6.10,9
2014-9-1 21:31:35.0,1,2,4355.2802,6957.6518,0.02,153.54,6.10,9
2014-9-1 21:31:38.0,1,2,4355.2802,6957.6518,0.02,153.54,6.10,9
2014-9-1 21:31:40.984,1,2,4355.2802,6957.6518,0.01,153.54,6.10,9
2014-9-1 21:31:44.0,1,2,4355.2802,6957.6518,0.04,153.54,6.10,9
2014-9-1 21:31:47.0,1,2,4355.2802,6957.6518,0.01,153.54,6.10,9
2014-9-1 21:31:50.0,1,2,4355.2802,6957.6518,0.02,153.54,6.10,9
2014-9-1 21:31:52.984,1,2,4355.2802,6957.6518,0.01,153.54,6.10,9
2014-9-1 21:31:56.0,1,2,4355.2802,6957.6518,0.02,153.54,6.10,9
2014-9-1 21:31:59.0,1,2,4355.2802,6957.6518,0.01,153.54,6.10,9
2014-9-1 21:32:2.0,1,2,4355.2802,6957.6518,0.02,153.54,6.10,9
2014-9-1 21:32:4.984,1,2,4355.2802,6957.6518,0.01,153.54,6.10,9
2014-9-1 21:32:8.0,1,2,4355.2802,6957.6518,0.03,153.54,6.10,9
2014-9-1 21:32:11.0,1,2,4355.2802,6957.6518,0.02,153.54,6.10,9
2014-9-1 21:32:14.0,1,2,4355.2802,6957.6518,0.01,153.54,6.20,9
2014-9-1 21:32:16.984,1,2,4355.2802,6957.6518,0.04,153.54,6.20,9
2014-9-1 21:32:20.0,1,2,4355.2802,6957.6518,0.00,153.54,6.20,9
2014-9-1 21:32:23.0,1,2,4355.2802,6957.6518,0.01,153.54,6.20,9
2014-9-1 21:32:26.0,1,2,4355.2802,6957.6518,0.03,153.54,6.20,9
2014-9-1 21:32:28.984,1,2,4355.2802,6957.6518,0.02,153.54,6.20,9
2014-9-1 21:32:32.0,1,2,4355.2802,6957.6518,0.02,153.54,6.20,9
2014-9-1 21:32:35.0,1,2,4355.2802,6957.6518,0.02,153.54,6.20,9
2014-9-1 21:32:38.0,1,2,4355.2802,6957.6518,0.02,153.54,6.20,9
2014-9-1 21:32:40.984,1,2,4355.2802,6957.6518,0.01,153.54,6.20,9
2014-9-1 21:32:44.0,1,2,4355.2802,6957.6518,0.01,153.54,6.20,9
2014-9-1 21:32:47.0,1,2,4355.2802,6957.6518,0.02,153.54,6.20,9
2014-9-1 21:32:50.0,1,2,4355.2802,6957.6518,0.03,153.54,6.20,9
2014-9-1 21:32:52.984,1,2,4355.2802,6957.6518,0.04,153.54,6.20,9
2014-9-1 21:32:56.0,1,2,4355.2802,6957.6518,0.05,153.54,6.20,9
2014-9-1 21:32:59.0,1,2,4355.2802,6957.6518,0.02,153.54,6.20,10
2014-9-1 21:33:2.0,1,2,4355.2807,6957.6518,0.01,153.54,6.50,10
2014-9-1 21:33:4.984,1,2,4355.2807,6957.6518,0.02,153.54,6.80,10
2014-9-1 21:33:8.0,1,2,4355.2807,6957.6518,0.01,153.54,6.80,10
2014-9-1 21:33:11.0,1,2,4355.2807,6957.6518,0.02,153.54,6.80,10
2014-9-1 21:33:14.0,1,2,4355.2802,6957.6518,0.02,153.54,6.80,10
2014-9-1 21:33:16.984,1,2,4355.2802,6957.6518,0.01,153.54,6.80,10
2014-9-1 21:33:20.0,1,2,4355.2802,6957.6518,0.00,153.54,6.80,10
2014-9-1 21:33:23.0,1,2,4355.2802,6957.6518,0.00,153.54,6.80,10
2014-9-1 21:33:26.0,1,2,4355.2802,6957.6518,0.00,153.54,6.80,10
2014-9-1 21:33:28.984,1,2,4355.2802,6957.6518,0.00,153.54,6.80,10
2014-9-1 21:33:32.0,1,2,4355.2802,6957.6518,0.00,153.54,6.80,10
2014-9-1 21:33:35.0,1,2,4355.2802,6957.6518,0.01,153.54,6.80,10
2014-9-1 21:33:38.0,1,2,4355.2802,6957.6518,0.01,153.54,6.80,10
2014-9-1 21:33:40.984,1,2,4355.2802,6957.6518,0.02,153.54,6.80,10
2014-9-1 21:33:44.0,1,2,4355.2802,6957.6518,0.01,153.54,6.80,10
2014-9-1 21:33:47.0,1,2,4355.2802,6957.6518,0.02,153.54,6.80,10
2014-9-1 21:33:50.0,1,2,4355.2802,6957.6518,0.02,153.54,6.80,10
2014-9-1 21:33:52.984,1,2,4355.2802,6957.6518,0.01,153.54,6.80,10
2014-9-1 21:33:56.0,1,2,4355.2802,6957.6518,0.01,153.54,6.90,10
2014-9-1 21:33:59.0,1,2,4355.2802,6957.6518,0.01,153.54,6.90,10
2014-9-1 21:34:2.0,1,2,4355.2802,6957.6518,0.02,153.54,6.90,10
2014-9-1 21:34:4.984,1,2,4355.2802,6957.6518,0.01,153.54,6.90,10
2014-9-1 21:34:8.0,1,2,4355.2802,6957.6518,0.00,153.54,6.90,9
2014-9-1 21:34:11.0,1,2,4355.2802,6957.6518,0.00,153.54,6.90,9
2014-9-1 21:34:14.0,1,2,4355.2802,6957.6518,0.01,153.54,6.90,9
