DATETIME,RTC_TEMP_C,TEMP_C,BATTERY_LEVEL
2014-07-25 10:40:55,34.00,29.26,7.38
2014-07-25 10:46:00,40.00,31.01,7.39
2014-07-25 10:51:05,34.75,24.88,7.40
2014-07-25 10:56:09,25.75,21.30,7.40
2014-07-25 11:01:13,23.75,22.08,7.40
2014-07-25 11:06:16,23.00,21.22,7.40
2014-07-25 11:11:19,22.25,21.13,7.40
2014-07-25 11:16:22,22.00,21.13,7.40
2014-07-25 11:21:25,21.75,21.18,7.40
2014-07-25 11:26:28,21.50,21.13,7.40
2014-07-25 11:31:31,21.50,21.13,7.39
2014-07-25 11:36:34,21.25,21.13,7.39
2014-07-25 11:41:37,21.25,21.13,7.40
2014-07-25 11:46:40,21.25,21.22,7.39
2014-07-25 11:51:43,21.25,21.22,7.39
2014-07-25 11:56:46,21.25,21.22,7.39
2014-07-25 12:01:49,21.25,21.22,7.39
2014-07-25 12:06:52,21.25,21.30,7.39
2014-07-25 12:11:55,21.25,21.30,7.39
2014-07-25 12:16:58,21.25,21.30,7.39
2014-07-25 12:22:01,21.25,21.30,7.39
2014-07-25 12:27:04,21.25,21.30,7.39
2014-07-25 12:32:07,21.25,21.39,7.39
2014-07-25 12:37:10,21.50,21.39,7.39
2014-07-25 12:42:13,21.50,21.39,7.39
2014-07-25 12:47:16,21.50,21.39,7.39
2014-07-25 12:52:19,21.50,21.39,7.38
2014-07-25 12:57:22,21.50,21.39,7.39
2014-07-25 13:02:25,21.50,21.39,7.38
2014-07-25 13:07:28,21.50,21.39,7.38
2014-07-25 13:12:31,21.50,21.39,7.38
2014-07-25 13:17:34,21.50,21.39,7.38
2014-07-25 13:22:37,21.50,21.48,7.38
2014-07-25 13:27:40,21.50,21.48,7.38
2014-07-25 13:32:43,21.50,21.48,7.38
2014-07-25 13:37:46,21.50,21.48,7.38
2014-07-25 13:42:49,21.50,21.48,7.38
2014-07-25 13:47:52,21.50,21.48,7.38
2014-07-25 13:52:55,21.50,21.48,7.38
2014-07-25 13:57:58,21.50,21.48,7.38
2014-07-25 14:03:01,21.50,21.56,7.38
2014-07-25 14:08:04,21.50,21.56,7.37
2014-07-25 14:13:07,21.50,21.56,7.37
2014-07-25 14:18:10,21.50,21.56,7.37
2014-07-25 14:23:13,21.50,21.56,7.37
2014-07-25 14:28:16,21.50,21.56,7.37
2014-07-25 14:33:19,21.75,21.65,7.37
2014-07-25 14:38:22,21.75,21.65,7.37
2014-07-25 14:43:25,21.75,21.70,7.37
2014-07-25 14:48:28,21.75,21.74,7.37
2014-07-25 14:53:31,21.75,21.74,7.37
2014-07-25 14:58:34,21.75,21.74,7.37
2014-07-25 15:03:37,21.75,21.74,7.37
2014-07-25 15:08:40,21.75,21.82,7.36
2014-07-25 15:13:43,21.75,21.82,7.36
2014-07-25 15:18:46,21.75,21.82,7.36
2014-07-25 15:23:49,21.75,21.82,7.36
2014-07-25 15:28:52,21.75,21.82,7.36
2014-07-25 15:33:55,21.75,21.88,7.36
2014-07-25 15:38:58,21.75,21.91,7.36
2014-07-25 15:44:01,22.00,21.91,7.36
2014-07-25 15:49:04,22.00,21.91,7.36
2014-07-25 15:54:07,22.00,21.93,7.36
2014-07-25 15:59:10,22.00,22.00,7.36
2014-07-25 16:04:13,22.00,22.00,7.36
2014-07-25 16:09:16,22.00,22.00,7.36
2014-07-25 16:14:19,22.00,22.08,7.36
2014-07-25 16:19:23,22.00,22.08,7.36
2014-07-25 16:24:26,22.00,22.08,7.35
2014-07-25 16:29:29,22.00,22.08,7.35
2014-07-25 16:34:32,22.00,22.17,7.35
2014-07-25 16:39:35,22.25,22.17,7.35
2014-07-25 16:44:38,22.25,22.17,7.35
2014-07-25 16:49:41,22.25,22.17,7.35
2014-07-25 16:54:44,22.25,22.17,7.35
2014-07-25 16:59:47,22.25,22.22,7.35
2014-07-25 17:04:50,22.25,22.26,7.35
2014-07-25 17:09:53,22.25,22.26,7.35
2014-07-25 17:14:56,22.25,22.26,7.35
2014-07-25 17:20:00,22.25,22.26,7.35
2014-07-25 17:25:03,22.25,22.26,7.35
2014-07-25 17:30:06,22.25,22.34,7.35
2014-07-25 17:35:09,22.25,22.34,7.35
2014-07-25 17:40:12,22.25,22.34,7.34
2014-07-25 17:45:15,22.25,22.34,7.35
2014-07-25 17:50:18,22.25,22.34,7.34
2014-07-25 17:55:21,22.25,22.36,7.34
2014-07-25 18:00:24,22.50,22.43,7.34
2014-07-25 18:05:27,22.50,22.43,7.34
2014-07-25 18:10:31,22.50,22.43,7.34
2014-07-25 18:15:34,22.50,22.43,7.34
2014-07-25 18:20:37,22.50,22.52,7.34
2014-07-25 18:25:40,22.50,22.52,7.34
2014-07-25 18:30:43,22.50,22.52,7.34
2014-07-25 18:35:46,22.50,22.52,7.34
2014-07-25 18:40:49,22.50,22.52,7.34
2014-07-25 18:45:52,22.50,22.52,7.34
2014-07-25 18:50:56,22.50,22.52,7.34
2014-07-25 18:55:59,22.50,22.52,7.34
2014-07-25 19:01:02,22.50,22.52,7.33
2014-07-25 19:06:05,22.50,22.61,7.33
2014-07-25 19:11:08,22.50,22.61,7.33
2014-07-25 19:16:11,22.50,22.61,7.33
2014-07-25 19:21:14,22.50,22.61,7.33
2014-07-25 19:26:17,22.50,22.61,7.33
2014-07-25 19:31:21,22.50,22.61,7.33
2014-07-25 19:36:24,22.50,22.61,7.33
2014-07-25 19:41:27,22.50,22.61,7.33
2014-07-25 19:46:30,22.50,22.61,7.33
2014-07-25 19:51:33,22.50,22.61,7.33
2014-07-25 19:56:36,22.50,22.61,7.33
2014-07-25 20:01:39,22.50,22.61,7.33
2014-07-25 20:06:43,22.50,22.61,7.33
2014-07-25 20:11:46,22.50,22.61,7.32
2014-07-25 20:16:49,22.50,22.61,7.32
2014-07-25 20:21:52,22.50,22.61,7.32
2014-07-25 20:26:55,22.50,22.61,7.32
2014-07-25 20:31:58,22.50,22.61,7.32
2014-07-25 20:37:02,22.50,22.61,7.32
2014-07-25 20:42:05,22.50,22.61,7.32
2014-07-25 20:47:08,22.50,22.69,7.32
2014-07-25 20:52:11,22.75,22.69,7.32
2014-07-25 20:57:14,22.50,22.69,7.32
2014-07-25 21:02:17,22.50,22.69,7.32
2014-07-25 21:07:20,22.50,22.69,7.32
2014-07-25 21:12:23,22.50,22.69,7.32
2014-07-25 21:17:27,22.50,22.69,7.32
2014-07-25 21:22:30,22.75,22.61,7.32
2014-07-25 21:27:33,22.50,22.69,7.31
2014-07-25 21:32:36,22.50,22.61,7.31
2014-07-25 21:37:39,22.50,22.61,7.32
2014-07-25 21:42:42,22.50,22.62,7.31
2014-07-25 21:47:45,22.50,22.62,7.31
2014-07-25 21:52:49,22.50,22.61,7.31
2014-07-25 21:57:52,22.50,22.61,7.31
2014-07-25 22:02:55,22.50,22.61,7.31
2014-07-25 22:07:58,22.50,22.61,7.31
2014-07-25 22:13:01,22.50,22.61,7.31
2014-07-25 22:18:04,22.50,22.61,7.31
2014-07-25 22:23:07,22.50,22.61,7.31
2014-07-25 22:28:10,22.50,22.61,7.31
2014-07-25 22:33:14,22.50,22.61,7.31
2014-07-25 22:38:17,22.50,22.61,7.31
2014-07-25 22:43:20,22.50,22.61,7.31
2014-07-25 22:48:23,22.50,22.61,7.31
2014-07-25 22:53:26,22.50,22.61,7.31
2014-07-25 22:58:29,22.50,22.61,7.31
2014-07-25 23:03:32,22.50,22.61,7.30
2014-07-25 23:08:35,22.50,22.61,7.30
2014-07-25 23:13:39,22.50,22.54,7.31
2014-07-25 23:18:42,22.50,22.52,7.30
2014-07-25 23:23:45,22.50,22.52,7.30
2014-07-25 23:28:48,22.50,22.52,7.30
2014-07-25 23:33:51,22.50,22.52,7.30
2014-07-25 23:38:54,22.50,22.52,7.30
2014-07-25 23:43:57,22.50,22.52,7.30
2014-07-25 23:49:00,22.50,22.52,7.30
2014-07-25 23:54:03,22.50,22.52,7.30
2014-07-25 23:59:07,22.50,22.52,7.30
2014-07-26 00:04:10,22.50,22.52,7.30
2014-07-26 00:09:13,22.50,22.52,7.30
2014-07-26 00:14:16,22.50,22.52,7.30
2014-07-26 00:19:19,22.50,22.45,7.30
2014-07-26 00:24:22,22.50,22.43,7.30
2014-07-26 00:29:25,22.50,22.43,7.29
2014-07-26 00:34:28,22.50,22.43,7.30
2014-07-26 00:39:31,22.50,22.43,7.30
2014-07-26 00:44:35,22.50,22.43,7.29
2014-07-26 00:49:38,22.50,22.43,7.29
2014-07-26 00:54:41,22.25,22.43,7.29
2014-07-26 00:59:44,22.50,22.41,7.29
2014-07-26 01:04:47,22.25,22.38,7.29
2014-07-26 01:09:50,22.25,22.41,7.29
2014-07-26 01:14:53,22.25,22.34,7.29
2014-07-26 01:19:56,22.25,22.34,7.29
2014-07-26 01:24:59,22.25,22.34,7.29
2014-07-26 01:30:02,22.25,22.34,7.29
2014-07-26 01:35:05,22.25,22.34,7.29
2014-07-26 01:40:08,22.25,22.34,7.29
2014-07-26 01:45:12,22.25,22.34,7.29
2014-07-26 01:50:15,22.25,22.28,7.29
2014-07-26 01:55:18,22.25,22.31,7.29
2014-07-26 02:00:21,22.25,22.26,7.29
2014-07-26 02:05:24,22.25,22.26,7.29
2014-07-26 02:10:27,22.25,22.26,7.28
2014-07-26 02:15:30,22.25,22.26,7.28
2014-07-26 02:20:33,22.25,22.26,7.28
2014-07-26 02:25:36,22.25,22.26,7.28
2014-07-26 02:30:39,22.25,22.17,7.28
2014-07-26 02:35:42,22.25,22.17,7.28
2014-07-26 02:40:45,22.25,22.17,7.28
2014-07-26 02:45:48,22.25,22.17,7.28
2014-07-26 02:50:51,22.00,22.17,7.28
2014-07-26 02:55:55,22.00,22.17,7.28
2014-07-26 03:00:58,22.00,22.08,7.28
2014-07-26 03:06:01,22.00,22.08,7.28
2014-07-26 03:11:04,22.00,22.08,7.28
2014-07-26 03:16:07,22.00,22.08,7.28
2014-07-26 03:21:10,22.00,22.08,7.28
2014-07-26 03:26:13,22.00,22.08,7.28
2014-07-26 03:31:16,22.00,22.08,7.28
2014-07-26 03:36:19,22.00,22.00,7.28
2014-07-26 03:41:22,22.00,22.00,7.28
2014-07-26 03:46:25,22.00,22.00,7.27
2014-07-26 03:51:28,22.00,22.00,7.27
2014-07-26 03:56:31,22.00,22.00,7.27
2014-07-26 04:01:34,22.00,22.00,7.28
2014-07-26 04:06:37,22.00,22.00,7.27
2014-07-26 04:11:40,22.00,21.91,7.27
2014-07-26 04:16:43,22.00,21.91,7.27
2014-07-26 04:21:46,22.00,21.91,7.27
2014-07-26 04:26:49,22.00,21.91,7.27
2014-07-26 04:31:52,21.75,21.91,7.27
2014-07-26 04:36:55,21.75,21.91,7.27
2014-07-26 04:41:58,21.75,21.91,7.27
2014-07-26 04:47:01,21.75,21.89,7.27
2014-07-26 04:52:04,21.75,21.82,7.27
2014-07-26 04:57:07,21.75,21.82,7.27
2014-07-26 05:02:10,21.75,21.82,7.27
2014-07-26 05:07:13,21.75,21.82,7.27
2014-07-26 05:12:16,21.75,21.82,7.27
2014-07-26 05:17:19,21.75,21.82,7.27
2014-07-26 05:22:22,21.75,21.82,7.27
2014-07-26 05:27:25,21.75,21.82,7.27
2014-07-26 05:32:28,21.75,21.74,7.26
2014-07-26 05:37:31,21.75,21.74,7.27
2014-07-26 05:42:34,21.75,21.74,7.26
2014-07-26 05:47:37,21.75,21.74,7.26
2014-07-26 05:52:40,21.75,21.74,7.26
2014-07-26 05:57:43,21.75,21.74,7.26
2014-07-26 06:02:46,21.75,21.74,7.26
2014-07-26 06:07:49,21.75,21.74,7.26
2014-07-26 06:12:52,21.75,21.74,7.26
2014-07-26 06:17:55,21.75,21.74,7.26
2014-07-26 06:22:58,21.75,21.74,7.26
2014-07-26 06:28:01,21.75,21.72,7.26
2014-07-26 06:33:04,21.75,21.65,7.26
2014-07-26 06:38:07,21.75,21.65,7.26
2014-07-26 06:43:10,21.75,21.65,7.26
2014-07-26 06:48:13,21.75,21.65,7.26
2014-07-26 06:53:16,21.75,21.65,7.26
2014-07-26 06:58:19,21.50,21.65,7.26
2014-07-26 07:03:22,21.50,21.65,7.26
2014-07-26 07:08:25,21.50,21.56,7.25
2014-07-26 07:13:28,21.50,21.65,7.25
2014-07-26 07:18:31,21.50,21.63,7.25
2014-07-26 07:23:34,21.50,21.56,7.26
2014-07-26 07:28:37,21.50,21.56,7.25
2014-07-26 07:33:40,21.50,21.56,7.25
2014-07-26 07:38:43,21.50,21.56,7.25
2014-07-26 07:43:46,21.50,21.56,7.25
2014-07-26 07:48:49,21.50,21.56,7.25
2014-07-26 07:53:52,21.50,21.56,7.25
2014-07-26 07:58:55,21.50,21.56,7.25
2014-07-26 08:03:58,21.50,21.56,7.25
2014-07-26 08:09:00,21.50,21.48,7.25
2014-07-26 08:14:03,21.50,21.48,7.25
2014-07-26 08:19:06,21.50,21.48,7.25
2014-07-26 08:24:09,21.50,21.48,7.25
2014-07-26 08:29:12,21.50,21.44,7.25
2014-07-26 08:34:15,21.50,21.39,7.25
2014-07-26 08:39:18,21.50,21.39,7.25
2014-07-26 08:44:21,21.50,21.39,7.25
2014-07-26 08:49:24,21.50,21.39,7.25
2014-07-26 08:54:27,21.25,21.39,7.25
2014-07-26 08:59:30,21.25,21.37,7.24
2014-07-26 09:04:33,21.25,21.39,7.24
2014-07-26 09:09:36,21.25,21.39,7.24
2014-07-26 09:14:39,21.25,21.30,7.24
2014-07-26 09:19:42,21.25,21.30,7.25
2014-07-26 09:24:45,21.25,21.30,7.24
2014-07-26 09:29:47,21.25,21.30,7.24
2014-07-26 09:34:50,21.25,21.30,7.24
2014-07-26 09:39:53,21.25,21.30,7.24
2014-07-26 09:44:56,21.25,21.30,7.24
2014-07-26 09:49:59,21.25,21.30,7.24
2014-07-26 09:55:02,21.25,21.30,7.24
2014-07-26 10:00:05,21.25,21.30,7.24
2014-07-26 10:05:08,21.25,21.30,7.24
2014-07-26 10:10:11,21.25,21.30,7.24
2014-07-26 10:15:14,21.25,21.30,7.24
2014-07-26 10:20:17,21.25,21.30,7.24
2014-07-26 10:25:20,21.25,21.30,7.24
2014-07-26 10:30:23,21.25,21.30,7.24
2014-07-26 10:35:26,21.25,21.30,7.23
2014-07-26 10:40:28,21.25,21.39,7.23
2014-07-26 10:45:31,21.25,21.39,7.23
2014-07-26 10:50:34,21.25,21.39,7.24
2014-07-26 10:55:37,21.50,21.39,7.23
2014-07-26 11:00:40,21.50,21.39,7.24
2014-07-26 11:05:43,21.50,21.39,7.23
2014-07-26 11:10:46,21.50,21.39,7.23
2014-07-26 11:15:49,21.50,21.39,7.23
2014-07-26 11:20:52,21.50,21.39,7.23
2014-07-26 11:25:55,21.50,21.39,7.23
2014-07-26 11:30:58,21.50,21.39,7.23
2014-07-26 11:36:01,21.50,21.48,7.23
2014-07-26 11:41:04,21.50,21.48,7.23
2014-07-26 11:46:07,21.50,21.48,7.23
2014-07-26 11:51:10,21.50,21.48,7.23
2014-07-26 11:56:13,21.50,21.48,7.23
2014-07-26 12:01:16,21.50,21.56,7.23
2014-07-26 12:06:18,21.50,21.56,7.23
2014-07-26 12:11:21,21.50,21.56,7.23
2014-07-26 12:16:24,21.50,21.56,7.23
2014-07-26 12:21:27,21.50,21.65,7.23
2014-07-26 12:26:30,21.75,21.65,7.23
2014-07-26 12:31:33,21.75,21.65,7.23
2014-07-26 12:36:36,21.50,21.65,7.22
2014-07-26 12:41:39,21.75,21.65,7.23
2014-07-26 12:46:42,21.75,21.65,7.23
2014-07-26 12:51:45,21.75,21.65,7.22
2014-07-26 12:56:48,21.75,21.74,7.23
2014-07-26 13:01:51,21.75,21.74,7.22
2014-07-26 13:06:54,21.75,21.74,7.22
2014-07-26 13:11:57,21.75,21.82,7.22
2014-07-26 13:17:00,21.75,21.82,7.22
2014-07-26 13:22:03,21.75,21.82,7.22
2014-07-26 13:27:06,21.75,21.82,7.22
2014-07-26 13:32:09,21.75,21.82,7.22
2014-07-26 13:37:12,21.75,21.91,7.22
2014-07-26 13:42:15,22.00,21.91,7.22
2014-07-26 13:47:18,22.00,21.91,7.22
2014-07-26 13:52:21,22.00,22.00,7.22
2014-07-26 13:57:24,22.00,22.00,7.22
2014-07-26 14:02:27,22.00,22.00,7.22
2014-07-26 14:07:30,22.00,22.00,7.22
2014-07-26 14:12:33,22.00,22.00,7.21
2014-07-26 14:17:36,22.00,22.00,7.22
2014-07-26 14:22:39,22.00,22.00,7.22
2014-07-26 14:27:42,22.00,22.08,7.22
2014-07-26 14:32:45,22.00,22.08,7.21
2014-07-26 14:37:48,22.00,22.08,7.21
2014-07-26 14:42:51,22.00,22.08,7.22
2014-07-26 14:47:54,22.00,22.08,7.22
2014-07-26 14:52:57,22.25,22.08,7.21
2014-07-26 14:58:00,22.00,22.08,7.21
2014-07-26 15:03:03,22.25,22.14,7.21
2014-07-26 15:08:06,22.25,22.17,7.21
2014-07-26 15:13:09,22.25,22.17,7.21
2014-07-26 15:18:12,22.25,22.17,7.21
2014-07-26 15:23:16,22.25,22.17,7.21
2014-07-26 15:28:19,22.25,22.17,7.21
2014-07-26 15:33:22,22.25,22.26,7.21
2014-07-26 15:38:25,22.25,22.26,7.21
2014-07-26 15:43:28,22.25,22.26,7.21
2014-07-26 15:48:31,22.25,22.26,7.21
2014-07-26 15:53:34,22.25,22.26,7.21
2014-07-26 15:58:37,22.25,22.26,7.21
2014-07-26 16:03:40,22.25,22.34,7.21
2014-07-26 16:08:43,22.25,22.34,7.21
2014-07-26 16:13:46,22.25,22.34,7.21
2014-07-26 16:18:49,22.25,22.34,7.21
2014-07-26 16:23:52,22.25,22.43,7.21
2014-07-26 16:28:55,22.50,22.43,7.21
2014-07-26 16:33:58,22.50,22.43,7.20
2014-07-26 16:39:01,22.50,22.52,7.21
2014-07-26 16:44:04,22.50,22.52,7.20
2014-07-26 16:49:08,22.50,22.52,7.21
2014-07-26 16:54:11,22.50,22.52,7.20
2014-07-26 16:59:14,22.50,22.52,7.20
2014-07-26 17:04:17,22.50,22.52,7.20
2014-07-26 17:09:20,22.50,22.52,7.20
2014-07-26 17:14:23,22.50,22.61,7.20
2014-07-26 17:19:26,22.50,22.61,7.20
2014-07-26 17:24:29,22.50,22.61,7.20
2014-07-26 17:29:32,22.50,22.66,7.20
2014-07-26 17:34:35,22.75,22.69,7.20
2014-07-26 17:39:38,22.75,22.69,7.20
2014-07-26 17:44:42,22.75,22.78,7.20
2014-07-26 17:49:45,22.75,22.78,7.20
2014-07-26 17:54:48,22.75,22.78,7.20
2014-07-26 17:59:51,22.75,22.78,7.20
2014-07-26 18:04:54,22.75,22.87,7.20
2014-07-26 18:09:57,22.75,22.87,7.20
2014-07-26 18:15:00,22.75,22.87,7.20
2014-07-26 18:20:03,22.75,22.87,7.20
2014-07-26 18:25:07,22.75,22.92,7.20
2014-07-26 18:30:10,23.00,22.95,7.20
2014-07-26 18:35:13,23.00,22.95,7.20
2014-07-26 18:40:16,23.00,22.95,7.20
2014-07-26 18:45:19,23.00,22.95,7.20
2014-07-26 18:50:22,23.00,22.95,7.20
2014-07-26 18:55:25,23.00,22.95,7.19
2014-07-26 19:00:29,23.00,22.95,7.19
2014-07-26 19:05:32,23.00,22.95,7.19
2014-07-26 19:10:35,23.00,22.95,7.19
2014-07-26 19:15:38,23.00,23.04,7.19
2014-07-26 19:20:41,23.00,23.04,7.19
2014-07-26 19:25:44,23.00,23.04,7.19
2014-07-26 19:30:47,23.00,23.04,7.19
2014-07-26 19:35:51,23.00,23.04,7.19
2014-07-26 19:40:54,23.00,23.04,7.19
2014-07-26 19:45:57,23.00,23.04,7.19
2014-07-26 19:51:00,23.00,23.04,7.19
2014-07-26 19:56:03,23.00,23.13,7.19
2014-07-26 20:01:06,23.00,23.04,7.19
2014-07-26 20:06:10,23.00,23.04,7.19
2014-07-26 20:11:13,23.00,23.06,7.19
2014-07-26 20:16:16,23.00,23.13,7.19
2014-07-26 20:21:19,23.00,23.06,7.19
2014-07-26 20:26:22,23.00,23.04,7.19
2014-07-26 20:31:25,23.00,23.06,7.19
2014-07-26 20:36:28,23.00,23.13,7.19
2014-07-26 20:41:32,23.00,23.09,7.19
2014-07-26 20:46:35,23.00,23.04,7.19
2014-07-26 20:51:38,23.00,23.04,7.19
2014-07-26 20:56:41,23.00,23.04,7.19
2014-07-26 21:01:44,23.00,23.04,7.19
2014-07-26 21:06:47,23.00,23.04,7.18
2014-07-26 21:11:51,23.00,23.04,7.19
2014-07-26 21:16:54,23.00,23.04,7.18
2014-07-26 21:21:57,23.00,23.04,7.19
2014-07-26 21:27:00,23.00,23.04,7.18
2014-07-26 21:32:03,23.00,23.04,7.18
2014-07-26 21:37:06,23.00,23.04,7.18
2014-07-26 21:42:09,23.00,23.04,7.19
2014-07-26 21:47:13,23.00,22.95,7.18
2014-07-26 21:52:16,23.00,22.95,7.19
2014-07-26 21:57:19,23.00,22.95,7.18
2014-07-26 22:02:22,23.00,22.95,7.18
2014-07-26 22:07:25,23.00,22.95,7.19
2014-07-26 22:12:28,23.00,22.95,7.18
2014-07-26 22:17:31,23.00,22.95,7.18
2014-07-26 22:22:34,23.00,22.95,7.18
2014-07-26 22:27:38,23.00,22.95,7.18
2014-07-26 22:32:41,23.00,22.95,7.18
2014-07-26 22:37:44,23.00,22.95,7.18
2014-07-26 22:42:47,22.75,22.95,7.18
2014-07-26 22:47:50,23.00,22.95,7.18
2014-07-26 22:52:53,22.75,22.95,7.18
2014-07-26 22:57:56,22.75,22.95,7.18
2014-07-26 23:02:59,22.75,22.95,7.18
2014-07-26 23:08:03,22.75,22.87,7.18
2014-07-26 23:13:06,22.75,22.87,7.18
2014-07-26 23:18:09,22.75,22.87,7.18
2014-07-26 23:23:12,22.75,22.87,7.18
2014-07-26 23:28:15,22.75,22.87,7.18
2014-07-26 23:33:18,22.75,22.87,7.18
2014-07-26 23:38:21,22.75,22.87,7.18
2014-07-26 23:43:24,22.75,22.87,7.18
2014-07-26 23:48:28,22.75,22.87,7.18
2014-07-26 23:53:31,22.75,22.87,7.18
2014-07-26 23:58:34,22.75,22.87,7.18
2014-07-27 00:03:37,22.75,22.85,7.18
2014-07-27 00:08:40,22.75,22.80,7.18
2014-07-27 00:13:43,22.75,22.78,7.18
2014-07-27 00:18:46,22.75,22.78,7.18
2014-07-27 00:23:49,22.75,22.78,7.18
2014-07-27 00:28:52,22.75,22.78,7.18
2014-07-27 00:33:56,22.75,22.78,7.18
2014-07-27 00:38:59,22.75,22.78,7.18
2014-07-27 00:44:02,22.75,22.78,7.17
2014-07-27 00:49:05,22.75,22.78,7.18
2014-07-27 00:54:08,22.75,22.69,7.17
2014-07-27 00:59:11,22.75,22.69,7.17
2014-07-27 01:04:14,22.75,22.69,7.17
2014-07-27 01:09:17,22.75,22.69,7.17
2014-07-27 01:14:20,22.75,22.69,7.17
2014-07-27 01:19:23,22.75,22.69,7.17
2014-07-27 01:24:26,22.75,22.69,7.17
2014-07-27 01:29:30,22.75,22.69,7.17
2014-07-27 01:34:33,22.50,22.69,7.17
2014-07-27 01:39:36,22.50,22.69,7.17
2014-07-27 01:44:39,22.50,22.67,7.17
2014-07-27 01:49:42,22.50,22.64,7.17
2014-07-27 01:54:45,22.50,22.61,7.17
2014-07-27 01:59:48,22.50,22.61,7.17
2014-07-27 02:04:51,22.50,22.61,7.17
2014-07-27 02:09:54,22.50,22.61,7.17
2014-07-27 02:14:57,22.50,22.61,7.17
2014-07-27 02:20:00,22.50,22.61,7.17
2014-07-27 02:25:03,22.50,22.61,7.17
2014-07-27 02:30:07,22.50,22.61,7.17
2014-07-27 02:35:10,22.50,22.61,7.17
2014-07-27 02:40:13,22.50,22.52,7.17
2014-07-27 02:45:16,22.50,22.52,7.17
2014-07-27 02:50:19,22.50,22.52,7.17
2014-07-27 02:55:22,22.50,22.52,7.17
2014-07-27 03:00:25,22.50,22.52,7.17
2014-07-27 03:05:28,22.50,22.52,7.17
2014-07-27 03:10:31,22.50,22.52,7.17
2014-07-27 03:15:34,22.50,22.52,7.17
2014-07-27 03:20:37,22.50,22.52,7.17
2014-07-27 03:25:40,22.50,22.43,7.16
2014-07-27 03:30:43,22.50,22.43,7.17
2014-07-27 03:35:46,22.50,22.43,7.16
2014-07-27 03:40:49,22.50,22.43,7.17
2014-07-27 03:45:52,22.50,22.43,7.16
2014-07-27 03:50:55,22.50,22.43,7.16
2014-07-27 03:55:58,22.50,22.43,7.16
2014-07-27 04:01:01,22.50,22.43,7.16
2014-07-27 04:06:05,22.50,22.43,7.16
2014-07-27 04:11:08,22.25,22.43,7.16
2014-07-27 04:16:11,22.25,22.43,7.16
2014-07-27 04:21:14,22.25,22.34,7.16
2014-07-27 04:26:17,22.25,22.34,7.16
2014-07-27 04:31:20,22.25,22.34,7.16
2014-07-27 04:36:23,22.25,22.34,7.16
2014-07-27 04:41:26,22.25,22.34,7.16
2014-07-27 04:46:29,22.25,22.34,7.16
2014-07-27 04:51:32,22.25,22.34,7.16
2014-07-27 04:56:35,22.25,22.34,7.16
2014-07-27 05:01:38,22.25,22.34,7.16
2014-07-27 05:06:41,22.25,22.34,7.16
2014-07-27 05:11:44,22.25,22.34,7.16
2014-07-27 05:16:47,22.25,22.34,7.16
2014-07-27 05:21:50,22.25,22.29,7.16
2014-07-27 05:26:53,22.25,22.26,7.16
2014-07-27 05:31:56,22.25,22.26,7.16
2014-07-27 05:36:59,22.25,22.26,7.16
2014-07-27 05:42:02,22.25,22.26,7.16
2014-07-27 05:47:05,22.25,22.26,7.16
2014-07-27 05:52:08,22.25,22.26,7.16
2014-07-27 05:57:11,22.25,22.26,7.16
2014-07-27 06:02:14,22.25,22.26,7.16
2014-07-27 06:07:17,22.25,22.26,7.16
2014-07-27 06:12:20,22.25,22.26,7.16
2014-07-27 06:17:23,22.25,22.26,7.16
2014-07-27 06:22:26,22.25,22.26,7.16
2014-07-27 06:27:29,22.25,22.26,7.16
2014-07-27 06:32:32,22.25,22.26,7.16
2014-07-27 06:37:35,22.25,22.17,7.15
2014-07-27 06:42:38,22.25,22.17,7.15
2014-07-27 06:47:41,22.25,22.17,7.16
2014-07-27 06:52:44,22.25,22.17,7.16
2014-07-27 06:57:47,22.00,22.17,7.15
2014-07-27 07:02:50,22.25,22.17,7.15
2014-07-27 07:07:53,22.00,22.17,7.15
2014-07-27 07:12:56,22.00,22.17,7.15
2014-07-27 07:17:59,22.00,22.17,7.15
2014-07-27 07:23:02,22.00,22.17,7.15
2014-07-27 07:28:05,22.00,22.17,7.15
2014-07-27 07:33:08,22.00,22.17,7.15
2014-07-27 07:38:11,22.00,22.17,7.15
2014-07-27 07:43:14,22.00,22.17,7.15
2014-07-27 07:48:17,22.00,22.17,7.15
2014-07-27 07:53:20,22.00,22.17,7.15
2014-07-27 07:58:23,22.00,22.08,7.15
2014-07-27 08:03:26,22.00,22.08,7.15
2014-07-27 08:08:29,22.00,22.08,7.15
2014-07-27 08:13:32,22.00,22.08,7.15
2014-07-27 08:18:35,22.00,22.08,7.15
2014-07-27 08:23:38,22.00,22.08,7.15
2014-07-27 08:28:41,22.00,22.08,7.15
2014-07-27 08:33:44,22.00,22.01,7.15
2014-07-27 08:38:47,22.00,22.00,7.15
2014-07-27 08:43:50,22.00,22.00,7.15
2014-07-27 08:48:53,22.00,22.00,7.15
2014-07-27 08:53:56,22.00,22.00,7.15
2014-07-27 08:58:59,22.00,22.00,7.15
2014-07-27 09:04:02,22.00,22.00,7.15
2014-07-27 09:09:05,22.00,21.91,7.15
2014-07-27 09:14:08,22.00,21.91,7.15
2014-07-27 09:19:11,22.00,21.91,7.15
2014-07-27 09:24:14,22.00,21.91,7.15
2014-07-27 09:29:17,22.00,21.91,7.15
2014-07-27 09:34:20,22.00,21.91,7.15
2014-07-27 09:39:23,22.00,21.91,7.15
2014-07-27 09:44:26,22.00,21.91,7.14
2014-07-27 09:49:29,22.00,21.91,7.14
2014-07-27 09:54:31,22.00,21.91,7.14
2014-07-27 09:59:34,22.00,21.91,7.14
2014-07-27 10:04:37,22.00,21.91,7.14
2014-07-27 10:09:40,22.00,21.91,7.14
2014-07-27 10:14:43,22.00,21.91,7.14
2014-07-27 10:19:46,22.00,21.91,7.14
2014-07-27 10:24:49,22.00,21.91,7.14
2014-07-27 10:29:52,22.00,21.93,7.14
2014-07-27 10:34:55,22.00,22.00,7.14
2014-07-27 10:39:58,22.00,22.00,7.14
2014-07-27 10:45:01,22.00,22.00,7.14
2014-07-27 10:50:04,22.00,22.00,7.14
2014-07-27 10:55:07,22.00,22.00,7.14
2014-07-27 11:00:10,22.00,22.00,7.14
2014-07-27 11:05:13,22.00,22.00,7.14
2014-07-27 11:10:16,22.00,22.00,7.14
2014-07-27 11:15:19,22.00,22.00,7.14
2014-07-27 11:20:22,22.00,22.07,7.14
2014-07-27 11:25:25,22.00,22.08,7.14
2014-07-27 11:30:28,22.00,22.08,7.14
2014-07-27 11:35:31,22.00,22.08,7.14
2014-07-27 11:40:34,22.00,22.08,7.14
2014-07-27 11:45:37,22.00,22.08,7.14
2014-07-27 11:50:40,22.00,22.08,7.14
2014-07-27 11:55:43,22.00,22.00,7.14
2014-07-27 12:00:46,22.00,21.74,7.14
2014-07-27 12:05:49,21.50,20.96,7.14
2014-07-27 12:10:51,21.00,19.75,7.14
2014-07-27 12:15:54,19.50,17.33,7.14
2014-07-27 12:20:57,18.00,17.18,7.14
2014-07-27 12:25:59,18.00,17.76,7.14
2014-07-27 12:31:02,18.25,18.88,7.14
2014-07-27 12:36:04,19.00,20.01,7.14
2014-07-27 12:41:07,19.75,20.35,7.14
2014-07-27 12:46:09,20.25,21.39,7.14
2014-07-27 12:51:12,21.00,22.08,7.14
2014-07-27 12:56:15,21.75,22.43,7.14
2014-07-27 13:01:18,22.00,22.67,7.14
2014-07-27 13:06:21,22.25,22.69,7.14
2014-07-27 13:11:24,22.25,22.52,7.14
2014-07-27 13:16:27,22.25,22.26,7.14
2014-07-27 13:21:30,22.00,22.08,7.13
2014-07-27 13:26:33,22.00,22.00,7.13
2014-07-27 13:31:36,21.75,21.82,7.13
2014-07-27 13:36:39,21.75,21.65,7.13
2014-07-27 13:41:42,21.75,21.56,7.14
2014-07-27 13:46:45,21.50,21.39,7.14
2014-07-27 13:51:48,21.50,21.39,7.14
2014-07-27 13:56:51,21.50,21.91,7.13
2014-07-27 14:01:53,21.75,21.62,7.13
2014-07-27 14:06:56,21.25,21.22,7.13
2014-07-27 14:11:59,21.50,21.74,7.13
2014-07-27 14:17:02,21.50,21.82,7.13
2014-07-27 14:22:05,21.75,22.00,7.13
2014-07-27 14:27:08,21.75,22.00,7.13
2014-07-27 14:32:11,21.75,21.91,7.13
2014-07-27 14:37:14,21.75,21.74,7.13
2014-07-27 14:42:17,21.50,21.56,7.13
2014-07-27 14:47:20,21.50,21.43,7.13
2014-07-27 14:52:23,21.50,21.39,7.13
2014-07-27 14:57:25,21.50,21.39,7.13
2014-07-27 15:02:28,21.50,21.48,7.13
2014-07-27 15:07:31,21.50,21.56,7.13
2014-07-27 15:12:34,21.50,21.56,7.13
2014-07-27 15:17:37,21.50,21.65,7.13
2014-07-27 15:22:40,21.50,21.74,7.13
2014-07-27 15:27:43,21.75,21.82,7.13
2014-07-27 15:32:46,21.75,21.91,7.13
2014-07-27 15:37:49,21.75,22.00,7.13
2014-07-27 15:42:52,22.00,22.08,7.13
2014-07-27 15:47:54,22.00,22.17,7.13
2014-07-27 15:52:57,22.00,22.17,7.13
2014-07-27 15:58:00,22.00,22.26,7.13
2014-07-27 16:03:03,22.00,22.26,7.13
2014-07-27 16:08:06,22.25,22.26,7.13
2014-07-27 16:13:09,22.25,22.26,7.13
2014-07-27 16:18:12,22.25,22.34,7.13
2014-07-27 16:23:15,22.25,22.34,7.13
2014-07-27 16:28:18,22.25,22.34,7.13
2014-07-27 16:33:21,22.25,22.34,7.13
2014-07-27 16:38:24,22.25,22.34,7.13
2014-07-27 16:43:27,22.25,22.34,7.13
2014-07-27 16:48:30,22.25,22.34,7.12
2014-07-27 16:53:33,22.25,22.34,7.12
2014-07-27 16:58:36,22.25,22.43,7.12
2014-07-27 17:03:39,22.25,22.43,7.12
2014-07-27 17:08:42,22.25,22.43,7.12
2014-07-27 17:13:45,22.50,22.43,7.12
2014-07-27 17:18:48,22.50,22.43,7.12
2014-07-27 17:23:51,22.50,22.43,7.12
2014-07-27 17:28:54,22.50,22.43,7.12
2014-07-27 17:33:57,22.50,22.43,7.12
2014-07-27 17:39:00,22.50,22.43,7.12
2014-07-27 17:44:03,22.50,22.43,7.12
2014-07-27 17:49:06,22.50,22.50,7.12
2014-07-27 17:54:09,22.50,22.43,7.12
2014-07-27 17:59:12,22.50,22.43,7.12
2014-07-27 18:04:15,22.25,22.43,7.12
2014-07-27 18:09:18,22.25,22.43,7.12
2014-07-27 18:14:21,22.50,22.43,7.12
2014-07-27 18:19:24,22.50,22.43,7.12
2014-07-27 18:24:27,22.50,22.43,7.12
2014-07-27 18:29:30,22.50,22.43,7.12
2014-07-27 18:34:34,22.50,22.43,7.12
2014-07-27 18:39:37,22.25,22.43,7.12
2014-07-27 18:44:40,22.25,22.34,7.12
2014-07-27 18:49:43,22.25,22.34,7.12
2014-07-27 18:54:46,22.25,22.34,7.12
2014-07-27 18:59:49,22.25,22.34,7.11
2014-07-27 19:04:51,22.25,22.34,7.12
2014-07-27 19:09:54,22.25,22.34,7.12
2014-07-27 19:14:57,22.25,22.34,7.12
2014-07-27 19:20:00,22.25,22.33,7.12
2014-07-27 19:25:03,22.25,22.26,7.12
2014-07-27 19:30:06,22.25,22.26,7.12
2014-07-27 19:35:09,22.25,22.26,7.12
2014-07-27 19:40:12,22.25,22.26,7.12
2014-07-27 19:45:15,22.25,22.26,7.12
2014-07-27 19:50:18,22.25,22.26,7.11
2014-07-27 19:55:21,22.25,22.17,7.11
2014-07-27 20:00:24,22.25,22.17,7.11
2014-07-27 20:05:27,22.25,22.17,7.12
2014-07-27 20:10:30,22.25,22.17,7.11
2014-07-27 20:15:33,22.00,22.17,7.11
2014-07-27 20:20:36,22.00,22.17,7.11
2014-07-27 20:25:39,22.00,22.17,7.11
2014-07-27 20:30:42,22.00,22.17,7.11
2014-07-27 20:35:45,22.00,22.08,7.11
2014-07-27 20:40:48,22.00,22.08,7.11
2014-07-27 20:45:51,22.00,22.08,7.11
2014-07-27 20:50:54,22.00,22.08,7.11
2014-07-27 20:55:57,22.00,22.00,7.11
2014-07-27 21:01:00,22.00,22.00,7.11
2014-07-27 21:06:03,22.00,22.00,7.11
2014-07-27 21:11:06,22.00,22.00,7.11
2014-07-27 21:16:09,22.00,22.00,7.11
2014-07-27 21:21:12,22.00,21.91,7.11
2014-07-27 21:26:15,22.00,21.91,7.11
2014-07-27 21:31:18,22.00,21.91,7.11
2014-07-27 21:36:20,22.00,21.91,7.11
2014-07-27 21:41:23,21.75,21.91,7.11
2014-07-27 21:46:26,21.75,21.91,7.11
2014-07-27 21:51:29,21.75,21.82,7.11
2014-07-27 21:56:32,21.75,21.82,7.11
2014-07-27 22:01:35,21.75,21.82,7.11
2014-07-27 22:06:38,21.75,21.82,7.11
2014-07-27 22:11:41,21.75,21.82,7.11
2014-07-27 22:16:44,21.75,21.82,7.11
2014-07-27 22:21:47,21.75,21.82,7.11
2014-07-27 22:26:50,21.75,21.82,7.10
2014-07-27 22:31:53,21.75,21.74,7.10
2014-07-27 22:36:55,21.75,21.74,7.11
2014-07-27 22:41:58,21.75,21.74,7.11
2014-07-27 22:47:01,21.75,21.74,7.11
2014-07-27 22:52:04,21.75,21.74,7.10
2014-07-27 22:57:07,21.75,21.65,7.10
2014-07-27 23:02:10,21.75,21.65,7.10
2014-07-27 23:07:13,21.75,21.65,7.10
2014-07-27 23:12:16,21.50,21.65,7.10
2014-07-27 23:17:19,21.50,21.65,7.10
2014-07-27 23:22:22,21.50,21.65,7.10
2014-07-27 23:27:24,21.50,21.60,7.10
2014-07-27 23:32:27,21.50,21.56,7.10
2014-07-27 23:37:30,21.50,21.56,7.10
2014-07-27 23:42:33,21.50,21.56,7.10
2014-07-27 23:47:36,21.50,21.56,7.10
2014-07-27 23:52:39,21.50,21.56,7.10
2014-07-27 23:57:42,21.50,21.56,7.10
2014-07-28 00:02:45,21.50,21.56,7.10
2014-07-28 00:07:48,21.50,21.56,7.10
2014-07-28 00:12:50,21.50,21.51,7.10
2014-07-28 00:17:53,21.50,21.48,7.10
2014-07-28 00:22:56,21.50,21.48,7.10
2014-07-28 00:27:59,21.50,21.48,7.10
2014-07-28 00:33:02,21.50,21.48,7.10
2014-07-28 00:38:05,21.50,21.48,7.10
2014-07-28 00:43:08,21.50,21.48,7.10
2014-07-28 00:48:10,21.50,21.48,7.10
2014-07-28 00:53:13,21.50,21.39,7.10
2014-07-28 00:58:16,21.25,21.39,7.10
2014-07-28 01:03:19,21.25,21.39,7.10
2014-07-28 01:08:22,21.25,21.39,7.10
2014-07-28 01:13:25,21.25,21.39,7.10
2014-07-28 01:18:28,21.25,21.39,7.10
2014-07-28 01:23:31,21.25,21.39,7.10
2014-07-28 01:28:33,21.25,21.39,7.10
2014-07-28 01:33:36,21.25,21.39,7.10
2014-07-28 01:38:39,21.25,21.39,7.10
2014-07-28 01:43:42,21.25,21.39,7.10
2014-07-28 01:48:45,21.25,21.39,7.10
2014-07-28 01:53:48,21.25,21.39,7.09
2014-07-28 01:58:51,21.25,21.37,7.10
2014-07-28 02:03:53,21.25,21.39,7.10
2014-07-28 02:08:56,21.25,21.37,7.10
2014-07-28 02:13:59,21.25,21.30,7.09
2014-07-28 02:19:02,21.25,21.30,7.10
2014-07-28 02:24:05,21.25,21.30,7.09
2014-07-28 02:29:08,21.25,21.30,7.09
2014-07-28 02:34:11,21.25,21.30,7.09
2014-07-28 02:39:13,21.25,21.30,7.09
2014-07-28 02:44:16,21.25,21.30,7.09
2014-07-28 02:49:19,21.25,21.30,7.09
2014-07-28 02:54:22,21.25,21.30,7.09
2014-07-28 02:59:25,21.25,21.23,7.09
2014-07-28 03:04:28,21.25,21.22,7.09
2014-07-28 03:09:30,21.25,21.22,7.09
2014-07-28 03:14:33,21.25,21.22,7.09
2014-07-28 03:19:36,21.25,21.22,7.09
2014-07-28 03:24:39,21.25,21.22,7.09
2014-07-28 03:29:42,21.25,21.22,7.09
2014-07-28 03:34:45,21.25,21.22,7.09
2014-07-28 03:39:47,21.25,21.22,7.09
2014-07-28 03:44:50,21.25,21.22,7.09
2014-07-28 03:49:53,21.25,21.22,7.09
2014-07-28 03:54:56,21.25,21.22,7.09
2014-07-28 03:59:59,21.00,21.22,7.09
2014-07-28 04:05:02,21.00,21.13,7.09
2014-07-28 04:10:04,21.00,21.13,7.09
2014-07-28 04:15:07,21.00,21.13,7.09
2014-07-28 04:20:10,21.00,21.13,7.09
2014-07-28 04:25:13,21.00,21.13,7.09
2014-07-28 04:30:16,21.00,21.13,7.09
2014-07-28 04:35:18,21.00,21.13,7.09
2014-07-28 04:40:21,21.00,21.13,7.09
2014-07-28 04:45:24,21.00,21.13,7.09
2014-07-28 04:50:27,21.00,21.13,7.09
2014-07-28 04:55:30,21.00,21.13,7.09
2014-07-28 05:00:32,21.00,21.13,7.09
2014-07-28 05:05:35,21.00,21.13,7.09
2014-07-28 05:10:38,21.00,21.13,7.09
2014-07-28 05:15:41,21.00,21.13,7.08
2014-07-28 05:20:44,21.00,21.13,7.09
2014-07-28 05:25:47,21.00,21.13,7.09
2014-07-28 05:30:49,21.00,21.13,7.09
2014-07-28 05:35:52,21.00,21.13,7.09
2014-07-28 05:40:55,21.00,21.13,7.08
2014-07-28 05:45:58,21.00,21.13,7.08
2014-07-28 05:51:01,21.00,21.13,7.08
2014-07-28 05:56:03,21.00,21.13,7.09
2014-07-28 06:01:06,21.00,21.13,7.08
2014-07-28 06:06:09,21.00,21.08,7.08
2014-07-28 06:11:12,21.00,21.04,7.08
2014-07-28 06:16:15,21.00,21.04,7.08
2014-07-28 06:21:17,21.00,21.04,7.08
2014-07-28 06:26:20,21.00,21.04,7.08
2014-07-28 06:31:23,21.00,21.04,7.08
2014-07-28 06:36:26,21.00,21.04,7.08
2014-07-28 06:41:29,21.00,21.04,7.08
2014-07-28 06:46:31,21.00,21.04,7.08
2014-07-28 06:51:34,21.00,21.04,7.08
2014-07-28 06:56:37,21.00,21.04,7.08
2014-07-28 07:01:40,21.00,21.04,7.08
2014-07-28 07:06:43,21.00,21.04,7.08
2014-07-28 07:11:45,21.00,21.04,7.08
2014-07-28 07:16:48,21.00,21.04,7.08
2014-07-28 07:21:51,21.00,21.04,7.08
2014-07-28 07:26:54,21.00,21.04,7.08
2014-07-28 07:31:57,21.00,21.04,7.08
2014-07-28 07:36:59,21.00,21.04,7.08
2014-07-28 07:42:02,21.00,21.01,7.08
2014-07-28 07:47:05,21.00,20.96,7.08
2014-07-28 07:52:08,21.00,20.96,7.08
2014-07-28 07:57:10,21.00,20.96,7.08
2014-07-28 08:02:13,21.00,20.96,7.08
2014-07-28 08:07:16,21.00,20.96,7.08
2014-07-28 08:12:19,20.75,20.87,7.08
2014-07-28 08:17:22,20.75,20.87,7.08
2014-07-28 08:22:24,20.75,20.87,7.08
2014-07-28 08:27:27,20.75,20.87,7.08
2014-07-28 08:32:30,20.75,20.87,7.08
2014-07-28 08:37:33,20.75,20.87,7.07
2014-07-28 08:42:35,20.75,20.87,7.07
2014-07-28 08:47:38,20.75,20.78,7.07
2014-07-28 08:52:41,20.75,20.78,7.08
2014-07-28 08:57:44,20.50,19.83,7.07
2014-07-28 09:02:46,20.00,18.63,7.07
2014-07-28 09:07:49,20.75,22.26,7.07
2014-07-28 09:12:52,21.75,22.78,7.07
2014-07-28 09:17:55,22.25,22.87,7.07
2014-07-28 09:22:58,22.50,22.87,7.07
2014-07-28 09:28:01,22.50,22.87,7.07
2014-07-28 09:33:04,22.75,22.78,7.07
2014-07-28 09:38:07,22.50,22.69,7.07
2014-07-28 09:43:10,22.50,22.69,7.07
2014-07-28 09:48:13,22.50,22.61,7.07
2014-07-28 09:53:16,22.50,22.52,7.07
2014-07-28 09:58:19,22.50,22.52,7.07
2014-07-28 10:03:22,22.50,22.52,7.07
2014-07-28 10:08:25,22.50,22.43,7.07
2014-07-28 10:13:28,22.50,22.34,7.07
2014-07-28 10:18:31,22.25,22.34,7.07
2014-07-28 10:23:34,22.25,22.26,7.07
2014-07-28 10:28:37,22.25,22.26,7.06
2014-07-28 10:33:40,22.25,22.17,7.07
2014-07-28 10:38:43,22.25,22.08,7.07
2014-07-28 10:43:46,22.00,22.08,7.07
2014-07-28 10:48:49,22.00,22.08,7.07
2014-07-28 10:53:52,22.00,22.17,7.07
2014-07-28 10:58:55,22.25,22.26,7.06
2014-07-28 11:03:58,22.25,22.26,7.06
2014-07-28 11:09:01,22.25,22.34,7.06
2014-07-28 11:14:04,22.25,22.34,7.07
2014-07-28 11:19:07,22.25,22.34,7.07
2014-07-28 11:24:10,22.25,22.34,7.07
2014-07-28 11:29:12,22.25,22.34,7.06
2014-07-28 11:34:15,22.25,22.34,7.06
2014-07-28 11:39:18,22.25,22.34,7.06
2014-07-28 11:44:21,22.25,22.38,7.06
2014-07-28 11:49:24,22.25,22.34,7.06
2014-07-28 11:54:27,22.25,22.34,7.06
2014-07-28 11:59:30,22.25,22.34,7.06
2014-07-28 12:04:33,22.25,22.34,7.06
2014-07-28 12:09:36,22.25,22.34,7.06
2014-07-28 12:14:39,22.25,22.34,7.06
2014-07-28 12:19:42,22.25,22.34,7.06
2014-07-28 12:24:45,22.25,22.34,7.06
2014-07-28 12:29:48,22.25,22.34,7.06
2014-07-28 12:34:51,22.25,22.34,7.06
2014-07-28 12:39:54,22.25,22.34,7.06
2014-07-28 12:44:57,22.25,22.34,7.06
2014-07-28 12:50:00,22.25,22.34,7.06
2014-07-28 12:55:03,22.25,22.34,7.06
2014-07-28 13:00:06,22.25,22.34,7.06
2014-07-28 13:05:09,22.25,22.34,7.06
2014-07-28 13:10:12,22.25,22.34,7.06
2014-07-28 13:15:15,22.25,22.34,7.06
2014-07-28 13:20:18,22.25,22.34,7.06
2014-07-28 13:25:21,22.25,22.34,7.06
2014-07-28 13:30:24,22.25,22.34,7.06
2014-07-28 13:35:27,22.25,22.34,7.06
2014-07-28 13:40:30,22.25,22.34,7.06
2014-07-28 13:45:33,22.25,22.34,7.06
2014-07-28 13:50:35,22.25,22.34,7.06
2014-07-28 13:55:38,22.25,22.26,7.06
2014-07-28 14:00:41,22.25,22.26,7.06
2014-07-28 14:05:44,22.25,22.26,7.05
2014-07-28 14:10:47,22.25,22.26,7.06
2014-07-28 14:15:50,22.25,22.19,7.05
2014-07-28 14:20:53,22.25,22.26,7.05
2014-07-28 14:25:56,22.25,22.26,7.06
2014-07-28 14:30:59,22.25,22.26,7.05
2014-07-28 14:36:02,22.25,22.26,7.05
2014-07-28 14:41:05,22.25,22.26,7.05
2014-07-28 14:46:08,22.25,22.17,7.05
2014-07-28 14:51:11,22.25,22.17,7.05
2014-07-28 14:56:14,22.25,22.17,7.05
2014-07-28 15:01:17,22.00,22.08,7.05
2014-07-28 15:06:20,22.00,22.08,7.05
2014-07-28 15:11:23,22.00,22.08,7.05
2014-07-28 15:16:26,22.00,22.00,7.05
2014-07-28 15:21:28,22.00,22.00,7.05
2014-07-28 15:26:31,22.00,22.00,7.05
2014-07-28 15:31:34,22.00,22.00,7.05
2014-07-28 15:36:37,22.00,22.00,7.05
2014-07-28 15:41:40,22.00,22.00,7.05
2014-07-28 15:46:43,22.00,22.00,7.05
2014-07-28 15:51:46,22.00,21.91,7.05
2014-07-28 15:56:49,22.00,21.91,7.05
2014-07-28 16:01:52,22.00,21.91,7.05
2014-07-28 16:06:55,21.75,21.82,7.05
2014-07-28 16:11:58,21.75,21.82,7.05
2014-07-28 16:17:01,21.75,21.82,7.05
2014-07-28 16:22:03,21.75,21.74,7.05
2014-07-28 16:27:06,21.75,21.74,7.05
2014-07-28 16:32:09,21.75,21.74,7.05
2014-07-28 16:37:12,21.75,21.74,7.05
2014-07-28 16:42:15,21.75,21.74,7.05
2014-07-28 16:47:18,21.75,21.74,7.05
2014-07-28 16:52:21,21.75,21.82,7.05
2014-07-28 16:57:24,21.75,21.82,7.05
2014-07-28 17:02:27,21.75,21.82,7.04
2014-07-28 17:07:29,21.75,21.82,7.05
2014-07-28 17:12:32,21.75,21.82,7.04
2014-07-28 17:17:35,21.75,21.82,7.05
2014-07-28 17:22:38,21.75,21.82,7.05
2014-07-28 17:27:41,21.75,21.82,7.04
2014-07-28 17:32:44,21.75,21.82,7.04
2014-07-28 17:37:47,21.75,21.82,7.04
2014-07-28 17:42:50,21.75,21.82,7.04
2014-07-28 17:47:53,21.75,21.82,7.04
2014-07-28 17:52:55,21.75,21.82,7.04
2014-07-28 17:57:58,21.75,21.82,7.04
2014-07-28 18:03:01,21.75,21.82,7.04
2014-07-28 18:08:04,21.75,21.91,7.04
2014-07-28 18:13:07,21.75,21.82,7.04
2014-07-28 18:18:10,21.75,21.82,7.04
2014-07-28 18:23:13,21.75,21.82,7.04
2014-07-28 18:28:16,21.75,21.82,7.04
2014-07-28 18:33:19,21.75,21.82,7.04
2014-07-28 18:38:21,21.75,21.82,7.04
2014-07-28 18:43:24,21.75,21.82,7.04
2014-07-28 18:48:27,21.75,21.82,7.04
2014-07-28 18:53:30,21.75,21.82,7.04
2014-07-28 18:58:33,21.75,21.82,7.04
2014-07-28 19:03:36,21.75,21.82,7.04
2014-07-28 19:08:39,21.75,21.82,7.04
2014-07-28 19:13:42,21.75,21.82,7.04
2014-07-28 19:18:45,21.75,21.82,7.04
2014-07-28 19:23:47,21.75,21.82,7.04
2014-07-28 19:28:50,21.75,21.82,7.04
2014-07-28 19:33:53,21.75,21.82,7.04
2014-07-28 19:38:56,21.75,21.82,7.04
2014-07-28 19:43:59,21.75,21.74,7.04
2014-07-28 19:49:02,21.75,21.74,7.03
2014-07-28 19:54:05,21.75,21.82,7.04
2014-07-28 19:59:08,21.75,21.82,7.03
2014-07-28 20:04:11,21.75,21.82,7.04
2014-07-28 20:09:13,21.75,21.82,7.03
2014-07-28 20:14:16,21.75,21.82,7.04
2014-07-28 20:19:19,21.75,21.91,7.04
2014-07-28 20:24:22,21.75,21.82,7.04
2014-07-28 20:29:25,21.75,21.82,7.04
2014-07-28 20:34:28,21.75,21.82,7.04
2014-07-28 20:39:31,21.75,21.82,7.03
2014-07-28 20:44:34,21.75,21.82,7.03
2014-07-28 20:49:37,21.75,21.82,7.03
2014-07-28 20:54:39,21.75,21.82,7.03
2014-07-28 20:59:42,21.75,21.82,7.03
2014-07-28 21:04:45,21.75,21.82,7.03
2014-07-28 21:09:48,21.75,21.82,7.03
2014-07-28 21:14:51,21.75,21.74,7.03
2014-07-28 21:19:54,21.75,21.82,7.03
2014-07-28 21:24:57,21.75,21.74,7.03
2014-07-28 21:30:00,21.75,21.74,7.03
2014-07-28 21:35:03,21.75,21.74,7.03
2014-07-28 21:40:05,21.75,21.74,7.03
2014-07-28 21:45:08,21.75,21.74,7.03
2014-07-28 21:50:11,21.75,21.74,7.03
2014-07-28 21:55:14,21.75,21.74,7.03
2014-07-28 22:00:17,21.75,21.74,7.03
2014-07-28 22:05:20,21.75,21.74,7.03
2014-07-28 22:10:23,21.75,21.65,7.03
2014-07-28 22:15:26,21.75,21.74,7.03
2014-07-28 22:20:28,21.75,21.74,7.03
2014-07-28 22:25:31,21.75,21.65,7.03
2014-07-28 22:30:34,21.75,21.65,7.03
2014-07-28 22:35:37,21.75,21.65,7.03
2014-07-28 22:40:40,21.75,21.65,7.03
2014-07-28 22:45:43,21.75,21.65,7.03
2014-07-28 22:50:46,21.50,21.65,7.03
2014-07-28 22:55:49,21.50,21.56,7.03
2014-07-28 23:00:51,21.50,21.56,7.03
2014-07-28 23:05:54,21.50,21.56,7.03
2014-07-28 23:10:57,21.50,21.56,7.03
2014-07-28 23:16:00,21.50,21.56,7.03
2014-07-28 23:21:03,21.50,21.53,7.03
2014-07-28 23:26:06,21.50,21.48,7.02
2014-07-28 23:31:09,21.50,21.48,7.03
2014-07-28 23:36:11,21.50,21.48,7.03
2014-07-28 23:41:14,21.50,21.48,7.03
2014-07-28 23:46:17,21.50,21.48,7.03
2014-07-28 23:51:20,21.50,21.48,7.03
2014-07-28 23:56:23,21.50,21.48,7.03
2014-07-29 00:01:26,21.50,21.39,7.02
2014-07-29 00:06:28,21.50,21.39,7.03
2014-07-29 00:11:31,21.50,21.39,7.02
2014-07-29 00:16:34,21.25,21.39,7.02
2014-07-29 00:21:37,21.25,21.39,7.02
2014-07-29 00:26:40,21.25,21.39,7.02
2014-07-29 00:31:42,21.25,21.39,7.02
2014-07-29 00:36:45,21.25,21.39,7.02
2014-07-29 00:41:48,21.25,21.30,7.02
2014-07-29 00:46:51,21.25,21.30,7.02
2014-07-29 00:51:54,21.25,21.30,7.02
2014-07-29 00:56:57,21.25,21.22,7.02
2014-07-29 01:01:59,21.25,21.22,7.02
2014-07-29 01:07:02,21.25,21.22,7.02
2014-07-29 01:12:05,21.25,21.22,7.02
2014-07-29 01:17:08,21.25,21.22,7.02
2014-07-29 01:22:11,21.25,21.13,7.02
2014-07-29 01:27:13,21.00,21.13,7.02
2014-07-29 01:32:16,21.00,21.13,7.02
2014-07-29 01:37:19,21.00,21.13,7.02
2014-07-29 01:42:22,21.00,21.04,7.02
2014-07-29 01:47:25,21.00,21.04,7.02
2014-07-29 01:52:27,21.00,21.04,7.02
2014-07-29 01:57:30,21.00,21.04,7.02
2014-07-29 02:02:33,21.00,20.96,7.02
2014-07-29 02:07:36,21.00,20.96,7.02
2014-07-29 02:12:38,21.00,20.96,7.02
2014-07-29 02:17:41,21.00,20.96,7.02
2014-07-29 02:22:44,21.00,20.96,7.02
2014-07-29 02:27:47,21.00,20.96,7.02
2014-07-29 02:32:49,21.00,20.96,7.02
2014-07-29 02:37:52,21.00,20.87,7.02
2014-07-29 02:42:55,20.75,20.87,7.02
2014-07-29 02:47:58,20.75,20.87,7.01
2014-07-29 02:53:00,20.75,20.78,7.02
2014-07-29 02:58:03,20.75,20.78,7.02
2014-07-29 03:03:06,20.75,20.78,7.02
2014-07-29 03:08:09,20.75,20.78,7.01
2014-07-29 03:13:11,20.75,20.78,7.02
2014-07-29 03:18:14,20.75,20.78,7.01
2014-07-29 03:23:17,20.75,20.73,7.02
2014-07-29 03:28:20,20.75,20.70,7.02
2014-07-29 03:33:22,20.75,20.70,7.01
2014-07-29 03:38:25,20.75,20.70,7.01
2014-07-29 03:43:28,20.75,20.70,7.01
2014-07-29 03:48:30,20.75,20.70,7.01
2014-07-29 03:53:33,20.50,20.61,7.01
2014-07-29 03:58:36,20.50,20.61,7.01
2014-07-29 04:03:39,20.50,20.61,7.01
2014-07-29 04:08:41,20.50,20.61,7.01
2014-07-29 04:13:44,20.50,20.61,7.01
2014-07-29 04:18:47,20.50,20.61,7.01
2014-07-29 04:23:50,20.50,20.53,7.01
2014-07-29 04:28:52,20.50,20.53,7.01
2014-07-29 04:33:55,20.50,20.53,7.01
2014-07-29 04:38:58,20.50,20.44,7.01
2014-07-29 04:44:00,20.50,20.53,7.01
2014-07-29 04:49:03,20.50,20.53,7.01
2014-07-29 04:54:06,20.50,20.44,7.01
2014-07-29 04:59:08,20.50,20.44,7.01
2014-07-29 05:04:11,20.50,20.44,7.01
2014-07-29 05:09:14,20.50,20.44,7.01
2014-07-29 05:14:16,20.25,20.35,7.01
2014-07-29 05:19:19,20.25,20.35,7.01
2014-07-29 05:24:22,20.25,20.35,7.01
2014-07-29 05:29:25,20.25,20.35,7.01
2014-07-29 05:34:27,20.25,20.35,7.01
2014-07-29 05:39:30,20.25,20.27,7.01
2014-07-29 05:44:33,20.25,20.27,7.01
2014-07-29 05:49:35,20.25,20.27,7.01
2014-07-29 05:54:38,20.25,20.27,7.01
2014-07-29 05:59:40,20.25,20.27,7.01
2014-07-29 06:04:43,20.25,20.27,7.01
2014-07-29 06:09:46,20.25,20.27,7.01
2014-07-29 06:14:48,20.25,20.18,7.01
2014-07-29 06:19:51,20.25,20.27,7.01
2014-07-29 06:24:54,20.25,20.18,7.01
2014-07-29 06:29:56,20.25,20.18,7.01
2014-07-29 06:34:59,20.25,20.18,7.01
2014-07-29 06:40:02,20.00,20.18,7.01
2014-07-29 06:45:04,20.00,20.18,7.01
2014-07-29 06:50:07,20.00,20.09,7.00
2014-07-29 06:55:10,20.00,20.09,7.00
2014-07-29 07:00:12,20.00,20.09,7.00
2014-07-29 07:05:15,20.00,20.09,7.00
2014-07-29 07:10:18,20.00,20.09,7.00
2014-07-29 07:15:20,20.00,20.01,7.00
2014-07-29 07:20:23,20.00,20.01,7.00
2014-07-29 07:25:25,20.00,20.01,7.00
2014-07-29 07:30:28,20.00,20.01,7.01
2014-07-29 07:35:31,20.00,20.01,7.00
2014-07-29 07:40:33,20.00,20.01,7.00
2014-07-29 07:45:36,20.00,20.01,7.00
2014-07-29 07:50:38,20.00,20.01,7.00
2014-07-29 07:55:41,20.00,20.01,7.00
2014-07-29 08:00:44,20.00,20.01,7.00
2014-07-29 08:05:46,20.00,20.01,7.00
2014-07-29 08:10:49,20.00,20.01,7.00
2014-07-29 08:15:52,20.00,20.01,7.00
2014-07-29 08:20:54,20.00,20.01,7.00
2014-07-29 08:25:57,20.00,19.92,7.00
2014-07-29 08:30:59,20.00,19.92,7.00
2014-07-29 08:36:02,20.00,20.01,7.00
2014-07-29 08:41:05,20.00,20.01,7.00
2014-07-29 08:46:07,20.00,19.92,7.00
2014-07-29 08:51:10,20.00,19.92,7.00
2014-07-29 08:56:13,20.00,19.92,7.00
2014-07-29 09:01:15,20.00,19.92,7.00
2014-07-29 09:06:18,20.00,19.92,7.00
2014-07-29 09:11:20,20.00,19.92,7.00
2014-07-29 09:16:23,20.00,19.92,7.00
2014-07-29 09:21:26,20.00,19.92,7.00
2014-07-29 09:26:28,20.00,19.92,7.00
2014-07-29 09:31:31,20.00,19.92,7.00
2014-07-29 09:36:33,20.00,19.92,7.00
2014-07-29 09:41:36,19.75,19.92,7.00
2014-07-29 09:46:39,19.75,19.92,7.00
2014-07-29 09:51:41,19.75,19.92,7.00
2014-07-29 09:56:44,19.75,19.92,6.99
2014-07-29 10:01:46,19.75,19.92,7.00
2014-07-29 10:06:49,19.75,19.92,7.00
2014-07-29 10:11:52,20.00,20.01,6.99
2014-07-29 10:16:54,20.00,19.92,6.99
2014-07-29 10:21:57,20.00,20.01,7.00
2014-07-29 10:26:59,20.00,19.92,7.00
2014-07-29 10:32:02,20.00,19.92,6.99
2014-07-29 10:37:05,20.00,20.01,6.99
2014-07-29 10:42:07,20.00,19.97,6.99
2014-07-29 10:47:10,20.00,19.92,6.99
2014-07-29 10:52:13,20.00,20.01,6.99
2014-07-29 10:57:15,20.00,20.01,6.99
2014-07-29 11:02:18,20.00,20.01,6.99
2014-07-29 11:07:20,20.00,20.01,6.99
2014-07-29 11:12:23,20.00,20.01,6.99
2014-07-29 11:17:26,20.00,20.01,6.99
2014-07-29 11:22:28,20.00,20.09,6.99
2014-07-29 11:27:31,20.00,20.01,6.99
2014-07-29 11:32:33,20.00,20.09,6.99
2014-07-29 11:37:36,20.00,20.09,6.99
2014-07-29 11:42:39,20.00,20.09,6.99
2014-07-29 11:47:41,20.00,20.09,6.99
2014-07-29 11:52:44,20.00,20.18,6.99
2014-07-29 11:57:47,20.00,20.09,6.99
2014-07-29 12:02:49,20.00,20.09,6.99
2014-07-29 12:07:52,20.00,20.09,6.99
2014-07-29 12:12:55,20.00,20.18,6.99
2014-07-29 12:17:57,20.00,20.18,6.99
2014-07-29 12:23:00,20.25,20.18,6.99
2014-07-29 12:28:02,20.25,20.27,6.99
2014-07-29 12:33:05,20.25,20.18,6.99
2014-07-29 12:38:08,20.25,20.27,6.99
2014-07-29 12:43:10,20.25,20.27,6.99
2014-07-29 12:48:13,20.25,20.27,6.99
2014-07-29 12:53:16,20.25,20.27,6.99
2014-07-29 12:58:18,20.25,20.27,6.99
2014-07-29 13:03:21,20.25,20.27,6.99
2014-07-29 13:08:24,20.25,20.35,6.99
2014-07-29 13:13:26,20.25,20.35,6.99
2014-07-29 13:18:29,20.25,20.35,6.99
2014-07-29 13:23:32,20.25,20.28,6.98
2014-07-29 13:28:34,20.25,20.35,6.99
2014-07-29 13:33:37,20.25,20.35,6.98
2014-07-29 13:38:40,20.25,20.44,6.98
2014-07-29 13:43:42,20.50,20.44,6.99
2014-07-29 13:48:45,20.50,20.53,6.98
2014-07-29 13:53:48,20.50,20.53,6.98
2014-07-29 13:58:50,20.50,20.53,6.98
2014-07-29 14:03:53,20.50,20.53,6.98
2014-07-29 14:08:56,20.50,20.53,6.98
2014-07-29 14:13:58,20.50,20.61,6.98
2014-07-29 14:19:01,20.50,20.61,6.98
2014-07-29 14:24:04,20.50,20.61,6.98
2014-07-29 14:29:07,20.50,20.61,6.98
2014-07-29 14:34:09,20.50,20.61,6.98
2014-07-29 14:39:12,20.50,20.61,6.98
2014-07-29 14:44:15,20.50,20.61,6.98
2014-07-29 14:49:17,20.50,20.70,6.98
2014-07-29 14:54:20,20.75,20.70,6.98
2014-07-29 14:59:23,20.75,20.70,6.98
2014-07-29 15:04:25,20.75,20.78,6.98
2014-07-29 15:09:28,20.75,20.78,6.98
2014-07-29 15:14:31,20.75,20.78,6.98
2014-07-29 15:19:34,20.75,20.78,6.98
2014-07-29 15:24:36,20.75,20.87,6.98
2014-07-29 15:29:39,20.75,20.87,6.98
2014-07-29 15:34:42,20.75,20.87,6.98
2014-07-29 15:39:45,20.75,20.87,6.98
2014-07-29 15:44:47,20.75,20.96,6.98
2014-07-29 15:49:50,20.75,20.96,6.98
2014-07-29 15:54:53,20.75,20.96,6.98
2014-07-29 15:59:55,21.00,20.96,6.98
2014-07-29 16:04:58,21.00,20.96,6.97
2014-07-29 16:10:01,21.00,20.96,6.98
2014-07-29 16:15:04,21.00,21.04,6.98
2014-07-29 16:20:06,21.00,21.04,6.97
2014-07-29 16:25:09,21.00,21.04,6.97
2014-07-29 16:30:12,21.00,21.04,6.98
2014-07-29 16:35:15,21.00,21.04,6.98
2014-07-29 16:40:17,21.00,21.04,6.97
2014-07-29 16:45:20,21.00,21.08,6.97
2014-07-29 16:50:23,21.00,21.04,6.97
2014-07-29 16:55:26,21.00,21.13,6.97
2014-07-29 17:00:29,21.00,21.04,6.97
2014-07-29 17:05:31,21.00,21.04,6.98
2014-07-29 17:10:34,21.00,21.13,6.97
2014-07-29 17:15:37,21.00,21.13,6.97
2014-07-29 17:20:40,21.00,21.13,6.97
2014-07-29 17:25:42,21.00,21.13,6.97
2014-07-29 17:30:45,21.00,21.13,6.97
2014-07-29 17:35:48,21.00,21.13,6.97
2014-07-29 17:40:51,21.00,21.13,6.97
2014-07-29 17:45:53,21.00,21.13,6.97
2014-07-29 17:50:56,21.00,21.13,6.97
2014-07-29 17:55:59,21.00,21.13,6.97
2014-07-29 18:01:02,21.00,21.13,6.97
2014-07-29 18:06:04,21.00,21.22,6.97
2014-07-29 18:11:07,21.00,21.22,6.97
2014-07-29 18:16:10,21.25,21.22,6.97
2014-07-29 18:21:13,21.25,21.22,6.97
2014-07-29 18:26:16,21.25,21.22,6.97
2014-07-29 18:31:18,21.25,21.22,6.97
2014-07-29 18:36:21,21.25,21.22,6.97
2014-07-29 18:41:24,21.25,21.22,6.97
2014-07-29 18:46:27,21.25,21.22,6.97
2014-07-29 18:51:29,21.25,21.22,6.97
2014-07-29 18:56:32,21.25,21.22,6.97
2014-07-29 19:01:35,21.25,21.22,6.97
2014-07-29 19:06:38,21.25,21.22,6.97
2014-07-29 19:11:41,21.25,21.22,6.97
2014-07-29 19:16:43,21.25,21.22,6.97
2014-07-29 19:21:46,21.25,21.22,6.97
2014-07-29 19:26:49,21.25,21.22,6.97
2014-07-29 19:31:52,21.25,21.22,6.97
2014-07-29 19:36:54,21.25,21.22,6.97
2014-07-29 19:41:57,21.25,21.22,6.97
2014-07-29 19:47:00,21.25,21.22,6.97
2014-07-29 19:52:03,21.25,21.22,6.97
2014-07-29 19:57:06,21.25,21.22,6.97
2014-07-29 20:02:08,21.25,21.22,6.97
2014-07-29 20:07:11,21.25,21.22,6.97
2014-07-29 20:12:14,21.25,21.22,6.97
2014-07-29 20:17:17,21.25,21.22,6.97
2014-07-29 20:22:19,21.25,21.22,6.97
2014-07-29 20:27:22,21.25,21.22,6.96
2014-07-29 20:32:25,21.25,21.22,6.96
2014-07-29 20:37:28,21.25,21.22,6.97
2014-07-29 20:42:31,21.25,21.22,6.97
2014-07-29 20:47:33,21.25,21.22,6.96
2014-07-29 20:52:36,21.25,21.22,6.97
2014-07-29 20:57:39,21.25,21.22,6.96
2014-07-29 21:02:42,21.25,21.22,6.96
2014-07-29 21:07:44,21.25,21.22,6.96
2014-07-29 21:12:47,21.25,21.13,6.96
2014-07-29 21:17:50,21.00,21.13,6.96
2014-07-29 21:22:53,21.25,21.13,6.96
2014-07-29 21:27:56,21.00,21.13,6.96
2014-07-29 21:32:58,21.00,21.13,6.96
2014-07-29 21:38:01,21.00,21.13,6.96
2014-07-29 21:43:04,21.00,21.13,6.96
2014-07-29 21:48:07,21.00,21.13,6.96
2014-07-29 21:53:09,21.00,21.13,6.96
2014-07-29 21:58:12,21.00,21.13,6.96
2014-07-29 22:03:15,21.00,21.13,6.96
2014-07-29 22:08:18,21.00,21.13,6.96
2014-07-29 22:13:20,21.00,21.13,6.96
2014-07-29 22:18:23,21.00,21.13,6.96
2014-07-29 22:23:26,21.00,21.13,6.96
2014-07-29 22:28:29,21.00,21.04,6.96
2014-07-29 22:33:31,21.00,21.04,6.96
2014-07-29 22:38:34,21.00,21.04,6.96
2014-07-29 22:43:37,21.00,21.04,6.96
2014-07-29 22:48:40,21.00,21.04,6.96
2014-07-29 22:53:42,21.00,21.04,6.96
2014-07-29 22:58:45,21.00,21.04,6.96
2014-07-29 23:03:48,21.00,21.04,6.96
2014-07-29 23:08:51,21.00,21.04,6.96
2014-07-29 23:13:53,21.00,20.98,6.96
2014-07-29 23:18:56,21.00,21.01,6.96
2014-07-29 23:23:59,21.00,21.04,6.96
2014-07-29 23:29:02,21.00,20.96,6.96
2014-07-29 23:34:04,21.00,20.96,6.96
2014-07-29 23:39:07,21.00,20.96,6.96
2014-07-29 23:44:10,21.00,20.96,6.96
2014-07-29 23:49:13,21.00,20.96,6.96
2014-07-29 23:54:15,21.00,20.96,6.96
2014-07-29 23:59:18,21.00,20.96,6.96
2014-07-30 00:04:21,21.00,20.96,6.96
2014-07-30 00:09:24,21.00,20.94,6.96
2014-07-30 00:14:26,21.00,20.96,6.96
2014-07-30 00:19:29,20.75,20.91,6.96
2014-07-30 00:24:32,20.75,20.87,6.95
2014-07-30 00:29:35,20.75,20.87,6.96
2014-07-30 00:34:37,20.75,20.87,6.96
2014-07-30 00:39:40,20.75,20.87,6.96
2014-07-30 00:44:43,20.75,20.87,6.95
2014-07-30 00:49:46,20.75,20.78,6.96
2014-07-30 00:54:48,20.75,20.78,6.95
2014-07-30 00:59:51,20.75,20.78,6.95
2014-07-30 01:04:54,20.75,20.78,6.96
2014-07-30 01:09:56,20.75,20.78,6.95
2014-07-30 01:14:59,20.75,20.78,6.95
2014-07-30 01:20:02,20.75,20.70,6.96
2014-07-30 01:25:05,20.75,20.70,6.95
2014-07-30 01:30:07,20.75,20.70,6.95
2014-07-30 01:35:10,20.75,20.70,6.95
2014-07-30 01:40:13,20.75,20.70,6.95
2014-07-30 01:45:15,20.75,20.70,6.95
2014-07-30 01:50:18,20.75,20.61,6.95
2014-07-30 01:55:21,20.50,20.61,6.95
2014-07-30 02:00:24,20.50,20.61,6.95
2014-07-30 02:05:26,20.50,20.61,6.95
2014-07-30 02:10:29,20.50,20.61,6.95
2014-07-30 02:15:32,20.50,20.61,6.95
2014-07-30 02:20:34,20.50,20.61,6.95
2014-07-30 02:25:37,20.50,20.53,6.95
2014-07-30 02:30:40,20.50,20.53,6.95
2014-07-30 02:35:42,20.50,20.53,6.95
2014-07-30 02:40:45,20.50,20.53,6.95
2014-07-30 02:45:48,20.50,20.53,6.95
2014-07-30 02:50:50,20.50,20.49,6.95
2014-07-30 02:55:53,20.50,20.53,6.95
2014-07-30 03:00:56,20.50,20.44,6.95
2014-07-30 03:05:58,20.50,20.44,6.95
2014-07-30 03:11:01,20.50,20.44,6.95
2014-07-30 03:16:04,20.50,20.44,6.95
2014-07-30 03:21:06,20.50,20.44,6.95
2014-07-30 03:26:09,20.50,20.44,6.95
2014-07-30 03:31:12,20.50,20.44,6.95
2014-07-30 03:36:14,20.25,20.44,6.95
2014-07-30 03:41:17,20.25,20.35,6.95
2014-07-30 03:46:20,20.25,20.35,6.95
2014-07-30 03:51:22,20.25,20.35,6.95
2014-07-30 03:56:25,20.25,20.35,6.95
2014-07-30 04:01:28,20.25,20.35,6.95
2014-07-30 04:06:30,20.25,20.35,6.94
2014-07-30 04:11:33,20.25,20.35,6.95
2014-07-30 04:16:36,20.25,20.35,6.95
2014-07-30 04:21:38,20.25,20.32,6.95
2014-07-30 04:26:41,20.25,20.35,6.95
2014-07-30 04:31:44,20.25,20.27,6.95
2014-07-30 04:36:46,20.25,20.27,6.95
2014-07-30 04:41:49,20.25,20.27,6.94
2014-07-30 04:46:51,20.25,20.27,6.94
2014-07-30 04:51:54,20.25,20.27,6.95
2014-07-30 04:56:57,20.25,20.27,6.95
2014-07-30 05:01:59,20.25,20.18,6.94
2014-07-30 05:07:02,20.25,20.18,6.95
2014-07-30 05:12:05,20.25,20.18,6.95
2014-07-30 05:17:07,20.25,20.18,6.94
2014-07-30 05:22:10,20.25,20.18,6.94
2014-07-30 05:27:12,20.25,20.18,6.94
2014-07-30 05:32:15,20.25,20.18,6.94
2014-07-30 05:37:18,20.00,20.18,6.94
2014-07-30 05:42:20,20.00,20.09,6.94
2014-07-30 05:47:23,20.00,20.09,6.94
2014-07-30 05:52:26,20.00,20.09,6.94
2014-07-30 05:57:28,20.00,20.09,6.94
2014-07-30 06:02:31,20.00,20.09,6.94
2014-07-30 06:07:33,20.00,20.09,6.94
2014-07-30 06:12:36,20.00,20.09,6.94
2014-07-30 06:17:39,20.00,20.09,6.94
2014-07-30 06:22:41,20.00,20.09,6.94
2014-07-30 06:27:44,20.00,20.09,6.94
2014-07-30 06:32:46,20.00,20.01,6.94
2014-07-30 06:37:49,20.00,20.09,6.94
2014-07-30 06:42:52,20.00,20.09,6.94
2014-07-30 06:47:54,20.00,20.01,6.94
2014-07-30 06:52:57,20.00,20.01,6.94
2014-07-30 06:58:00,20.00,20.01,6.94
2014-07-30 07:03:02,20.00,20.01,6.94
2014-07-30 07:08:05,20.00,20.01,6.94
2014-07-30 07:13:07,20.00,20.01,6.94
2014-07-30 07:18:10,20.00,20.01,6.94
2014-07-30 07:23:13,20.00,20.01,6.94
2014-07-30 07:28:15,20.00,20.01,6.94
2014-07-30 07:33:18,20.00,20.01,6.94
2014-07-30 07:38:20,20.00,20.01,6.94
2014-07-30 07:43:23,20.00,20.01,6.94
2014-07-30 07:48:26,20.00,20.01,6.94
2014-07-30 07:53:28,20.00,20.01,6.94
2014-07-30 07:58:31,20.00,19.96,6.94
2014-07-30 08:03:33,20.00,20.01,6.94
2014-07-30 08:08:36,20.00,19.92,6.94
2014-07-30 08:13:38,20.00,19.92,6.94
2014-07-30 08:18:41,20.00,19.99,6.94
2014-07-30 08:23:44,20.00,20.01,6.94
2014-07-30 08:28:46,20.00,20.01,6.93
2014-07-30 08:33:49,20.00,19.97,6.94
2014-07-30 08:38:51,20.00,19.92,6.94
2014-07-30 08:43:54,19.75,19.92,6.94
2014-07-30 08:48:57,20.00,19.92,6.94
2014-07-30 08:53:59,20.00,19.99,6.93
2014-07-30 08:59:02,20.00,20.01,6.94
2014-07-30 09:04:04,20.00,19.92,6.93
2014-07-30 09:09:07,20.00,20.01,6.94
2014-07-30 09:14:10,20.00,19.92,6.94
2014-07-30 09:19:12,20.00,20.01,6.94
2014-07-30 09:24:15,20.00,20.01,6.94
2014-07-30 09:29:17,20.00,20.01,6.93
2014-07-30 09:34:20,20.00,20.01,6.94
2014-07-30 09:39:23,20.00,20.01,6.93
2014-07-30 09:44:25,20.00,20.01,6.93
2014-07-30 09:49:28,20.00,20.01,6.93
2014-07-30 09:54:30,20.00,20.01,6.94
2014-07-30 09:59:33,20.00,20.01,6.93
2014-07-30 10:04:36,20.00,20.01,6.93
2014-07-30 10:09:38,20.00,20.01,6.93
2014-07-30 10:14:41,20.00,20.01,6.94
2014-07-30 10:19:43,20.00,20.01,6.93
2014-07-30 10:24:46,20.00,20.01,6.93
2014-07-30 10:29:48,20.00,20.01,6.93
2014-07-30 10:34:51,20.00,20.09,6.93
2014-07-30 10:39:54,20.00,20.09,6.93
2014-07-30 10:44:56,20.00,20.09,6.93
2014-07-30 10:49:59,20.00,20.09,6.93
2014-07-30 10:55:01,20.00,20.09,6.93
2014-07-30 11:00:04,20.00,20.09,6.93
2014-07-30 11:05:07,20.00,20.09,6.94
2014-07-30 11:10:09,20.00,20.09,6.93
2014-07-30 11:15:12,20.00,20.18,6.93
2014-07-30 11:20:14,20.00,20.18,6.93
2014-07-30 11:25:17,20.00,20.18,6.93
2014-07-30 11:30:20,20.00,20.18,6.93
2014-07-30 11:35:22,20.00,20.18,6.93
2014-07-30 11:40:25,20.00,20.18,6.93
2014-07-30 11:45:28,20.00,20.18,6.93
2014-07-30 11:50:30,20.25,20.18,6.93
2014-07-30 11:55:33,20.25,20.27,6.93
2014-07-30 12:00:35,20.25,20.27,6.93
2014-07-30 12:05:38,20.25,20.27,6.93
2014-07-30 12:10:41,20.25,20.27,6.93
2014-07-30 12:15:43,20.25,20.27,6.93
2014-07-30 12:20:46,20.25,20.28,6.93
2014-07-30 12:25:49,20.25,20.35,6.93
2014-07-30 12:30:51,20.25,20.35,6.93
2014-07-30 12:35:54,20.25,20.35,6.93
2014-07-30 12:40:56,20.25,20.35,6.93
2014-07-30 12:45:59,20.25,20.44,6.93
2014-07-30 12:51:02,20.25,20.44,6.93
2014-07-30 12:56:04,20.25,20.44,6.93
2014-07-30 13:01:07,20.25,20.44,6.93
2014-07-30 13:06:10,20.25,20.44,6.93
2014-07-30 13:11:12,20.25,20.44,6.93
2014-07-30 13:16:15,20.50,20.44,6.93
2014-07-30 13:21:18,20.50,20.44,6.93
2014-07-30 13:26:20,20.50,20.44,6.93
2014-07-30 13:31:23,20.50,20.53,6.93
2014-07-30 13:36:26,20.50,20.53,6.93
2014-07-30 13:41:28,20.50,20.53,6.93
2014-07-30 13:46:31,20.50,20.53,6.93
2014-07-30 13:51:34,20.50,20.53,6.93
2014-07-30 13:56:36,20.50,20.53,6.93
2014-07-30 14:01:39,20.50,20.61,6.93
2014-07-30 14:06:42,20.50,20.61,6.93
2014-07-30 14:11:44,20.50,20.61,6.93
2014-07-30 14:16:47,20.50,20.61,6.92
2014-07-30 14:21:50,20.50,20.61,6.92
2014-07-30 14:26:52,20.50,20.61,6.92
2014-07-30 14:31:55,20.50,20.70,6.92
2014-07-30 14:36:58,20.50,20.70,6.93
2014-07-30 14:42:00,20.50,20.70,6.93
2014-07-30 14:47:03,20.75,20.70,6.92
2014-07-30 14:52:06,20.75,20.70,6.93
2014-07-30 14:57:08,20.75,20.77,6.93
2014-07-30 15:02:11,20.75,20.78,6.93
2014-07-30 15:07:14,20.75,20.78,6.93
2014-07-30 15:12:17,20.75,20.78,6.92
2014-07-30 15:17:19,20.75,20.87,6.92
2014-07-30 15:22:22,20.75,20.87,6.92
2014-07-30 15:27:25,20.75,20.87,6.92
2014-07-30 15:32:27,20.75,20.87,6.92
2014-07-30 15:37:30,20.75,20.87,6.92
2014-07-30 15:42:33,20.75,20.87,6.92
2014-07-30 15:47:36,20.75,20.87,6.92
2014-07-30 15:52:38,20.75,20.96,6.92
2014-07-30 15:57:41,20.75,20.96,6.92
2014-07-30 16:02:44,20.75,20.96,6.92
2014-07-30 16:07:46,21.00,20.96,6.92
2014-07-30 16:12:49,21.00,20.96,6.92
2014-07-30 16:17:52,21.00,21.04,6.92
2014-07-30 16:22:55,21.00,21.04,6.92
2014-07-30 16:27:57,21.00,21.04,6.92
2014-07-30 16:33:00,21.00,21.04,6.92
2014-07-30 16:38:03,21.00,21.04,6.92
2014-07-30 16:43:06,21.00,21.13,6.92
2014-07-30 16:48:08,21.00,21.04,6.92
2014-07-30 16:53:11,21.00,21.04,6.92
2014-07-30 16:58:14,21.00,21.04,6.92
2014-07-30 17:03:16,21.00,21.13,6.92
2014-07-30 17:08:19,21.00,21.13,6.92
2014-07-30 17:13:22,21.00,21.22,6.92
2014-07-30 17:18:25,21.00,21.22,6.92
2014-07-30 17:23:27,21.00,21.22,6.92
2014-07-30 17:28:30,21.25,21.22,6.92
2014-07-30 17:33:33,21.25,21.22,6.92
2014-07-30 17:38:36,21.25,21.22,6.92
2014-07-30 17:43:38,21.25,21.30,6.92
2014-07-30 17:48:41,21.25,21.30,6.92
2014-07-30 17:53:44,21.25,21.30,6.92
2014-07-30 17:58:47,21.25,21.30,6.92
2014-07-30 18:03:50,21.25,21.30,6.92
2014-07-30 18:08:52,21.25,21.30,6.92
2014-07-30 18:13:55,21.25,21.39,6.92
2014-07-30 18:18:58,21.25,21.39,6.92
2014-07-30 18:24:01,21.25,21.39,6.92
2014-07-30 18:29:03,21.25,21.39,6.92
2014-07-30 18:34:06,21.25,21.39,6.92
2014-07-30 18:39:09,21.25,21.39,6.92
2014-07-30 18:44:12,21.25,21.39,6.92
2014-07-30 18:49:15,21.25,21.39,6.92
2014-07-30 18:54:17,21.25,21.39,6.92
2014-07-30 18:59:20,21.25,21.39,6.92
2014-07-30 19:04:23,21.25,21.39,6.92
2014-07-30 19:09:26,21.25,21.39,6.92
2014-07-30 19:14:28,21.25,21.39,6.92
2014-07-30 19:19:31,21.25,21.39,6.92
2014-07-30 19:24:34,21.25,21.48,6.92
2014-07-30 19:29:37,21.25,21.39,6.92
2014-07-30 19:34:40,21.25,21.39,6.92
2014-07-30 19:39:42,21.25,21.39,6.92
2014-07-30 19:44:45,21.25,21.48,6.91
2014-07-30 19:49:48,21.25,21.46,6.91
2014-07-30 19:54:51,21.50,21.48,6.92
2014-07-30 19:59:54,21.25,21.39,6.92
2014-07-30 20:04:56,21.25,21.48,6.91
2014-07-30 20:09:59,21.25,21.48,6.91
2014-07-30 20:15:02,21.25,21.48,6.91
2014-07-30 20:20:05,21.25,21.48,6.91
2014-07-30 20:25:07,21.25,21.48,6.91
2014-07-30 20:30:10,21.25,21.48,6.91
2014-07-30 20:35:13,21.25,21.39,6.91
2014-07-30 20:40:16,21.25,21.39,6.91
2014-07-30 20:45:19,21.25,21.39,6.91
2014-07-30 20:50:21,21.25,21.39,6.91
2014-07-30 20:55:24,21.25,21.39,6.92
2014-07-30 21:00:27,21.25,21.39,6.91
2014-07-30 21:05:30,21.25,21.39,6.91
2014-07-30 21:10:32,21.25,21.39,6.91
2014-07-30 21:15:35,21.25,21.39,6.91
2014-07-30 21:20:38,21.25,21.39,6.91
2014-07-30 21:25:41,21.25,21.39,6.91
2014-07-30 21:30:44,21.25,21.39,6.91
2014-07-30 21:35:46,21.25,21.39,6.91
2014-07-30 21:40:49,21.25,21.39,6.91
2014-07-30 21:45:52,21.25,21.39,6.91
2014-07-30 21:50:55,21.25,21.39,6.91
2014-07-30 21:55:57,21.25,21.30,6.91
2014-07-30 22:01:00,21.25,21.30,6.91
2014-07-30 22:06:03,21.25,21.30,6.91
2014-07-30 22:11:06,21.25,21.30,6.91
2014-07-30 22:16:08,21.25,21.30,6.91
2014-07-30 22:21:11,21.25,21.22,6.91
2014-07-30 22:26:14,21.25,21.22,6.91
2014-07-30 22:31:17,21.25,21.22,6.91
2014-07-30 22:36:20,21.25,21.22,6.91
2014-07-30 22:41:22,21.25,21.22,6.91
2014-07-30 22:46:25,21.25,21.22,6.91
2014-07-30 22:51:28,21.25,21.22,6.91
2014-07-30 22:56:31,21.25,21.22,6.91
2014-07-30 23:01:33,21.25,21.22,6.91
2014-07-30 23:06:36,21.25,21.22,6.91
2014-07-30 23:11:39,21.00,21.22,6.91
2014-07-30 23:16:42,21.00,21.13,6.91
2014-07-30 23:21:44,21.00,21.13,6.91
2014-07-30 23:26:47,21.00,21.13,6.91
2014-07-30 23:31:50,21.00,21.13,6.91
2014-07-30 23:36:53,21.00,21.13,6.91
2014-07-30 23:41:55,21.00,21.13,6.91
2014-07-30 23:46:58,21.00,21.13,6.91
2014-07-30 23:52:01,21.00,21.13,6.91
2014-07-30 23:57:04,21.00,21.13,6.91
2014-07-31 00:02:06,21.00,21.06,6.91
2014-07-31 00:07:09,21.00,21.04,6.91
2014-07-31 00:12:12,21.00,21.04,6.91
2014-07-31 00:17:15,21.00,21.04,6.91
2014-07-31 00:22:17,21.00,21.04,6.91
2014-07-31 00:27:20,21.00,21.04,6.91
2014-07-31 00:32:23,21.00,21.04,6.91
2014-07-31 00:37:25,21.00,20.99,6.91
2014-07-31 00:42:28,21.00,20.96,6.91
2014-07-31 00:47:31,21.00,20.96,6.91
2014-07-31 00:52:34,21.00,20.96,6.91
2014-07-31 00:57:36,21.00,20.96,6.91
2014-07-31 01:02:39,21.00,20.96,6.91
2014-07-31 01:07:42,21.00,20.96,6.91
2014-07-31 01:12:44,20.75,20.96,6.91
2014-07-31 01:17:47,20.75,20.87,6.91
2014-07-31 01:22:50,20.75,20.87,6.91
2014-07-31 01:27:53,20.75,20.87,6.91
2014-07-31 01:32:55,20.75,20.87,6.91
2014-07-31 01:37:58,20.75,20.87,6.91
2014-07-31 01:43:01,20.75,20.87,6.91
2014-07-31 01:48:03,20.75,20.78,6.91
2014-07-31 01:53:06,20.75,20.78,6.91
2014-07-31 01:58:09,20.75,20.78,6.91
2014-07-31 02:03:11,20.75,20.78,6.91
2014-07-31 02:08:14,20.75,20.78,6.91
2014-07-31 02:13:17,20.75,20.78,6.91
2014-07-31 02:18:19,20.75,20.70,6.91
2014-07-31 02:23:22,20.75,20.70,6.91
2014-07-31 02:28:25,20.75,20.70,6.91
2014-07-31 02:33:27,20.50,20.70,6.91
2014-07-31 02:38:30,20.50,20.61,6.91
2014-07-31 02:43:33,20.50,20.70,6.91
2014-07-31 02:48:36,20.50,20.70,6.91
2014-07-31 02:53:38,20.50,20.70,6.91
2014-07-31 02:58:41,20.50,20.70,6.91
2014-07-31 03:03:44,20.50,20.61,6.91
2014-07-31 03:08:46,20.50,20.61,6.91
2014-07-31 03:13:49,20.50,20.61,6.91
2014-07-31 03:18:52,20.50,20.53,6.91
2014-07-31 03:23:54,20.50,20.53,6.91
2014-07-31 03:28:57,20.50,20.53,6.91
2014-07-31 03:33:59,20.50,20.53,6.91
2014-07-31 03:39:02,20.50,20.44,6.91
2014-07-31 03:44:05,20.50,20.53,6.90
2014-07-31 03:49:07,20.50,20.61,6.90
2014-07-31 03:54:10,20.50,20.61,6.91
2014-07-31 03:59:13,20.50,20.61,6.90
2014-07-31 04:04:15,20.50,20.53,6.91
2014-07-31 04:09:18,20.50,20.53,6.91
2014-07-31 04:14:21,20.50,20.53,6.91
2014-07-31 04:19:23,20.50,20.53,6.91
2014-07-31 04:24:26,20.50,20.53,6.91
2014-07-31 04:29:29,20.50,20.44,6.91
2014-07-31 04:34:31,20.50,20.44,6.91
2014-07-31 04:39:34,20.50,20.44,6.91
2014-07-31 04:44:37,20.50,20.44,6.91
2014-07-31 04:49:39,20.25,20.44,6.90
2014-07-31 04:54:42,20.25,20.44,6.90
2014-07-31 04:59:44,20.25,20.35,6.90
2014-07-31 05:04:47,20.25,20.35,6.90
2014-07-31 05:09:50,20.25,20.35,6.91
2014-07-31 05:14:52,20.25,20.35,6.91
2014-07-31 05:19:55,20.25,20.27,6.90
2014-07-31 05:24:58,20.25,20.27,6.91
2014-07-31 05:30:00,20.25,20.27,6.90
2014-07-31 05:35:03,20.25,20.27,6.90
2014-07-31 05:40:05,20.25,20.27,6.91
2014-07-31 05:45:08,20.25,20.27,6.91
2014-07-31 05:50:11,20.25,20.18,6.90
2014-07-31 05:55:13,20.25,20.18,6.90
2014-07-31 06:00:16,20.00,20.18,6.90
2014-07-31 06:05:18,20.00,20.18,6.90
2014-07-31 06:10:21,20.00,20.18,6.90
2014-07-31 06:15:24,20.00,20.09,6.90
2014-07-31 06:20:26,20.00,20.09,6.90
2014-07-31 06:25:29,20.00,20.09,6.90
2014-07-31 06:30:31,20.00,20.09,6.90
2014-07-31 06:35:34,20.00,20.09,6.90
2014-07-31 06:40:36,20.00,20.09,6.90
2014-07-31 06:45:39,20.00,20.09,6.90
2014-07-31 06:50:42,20.00,20.09,6.90
2014-07-31 06:55:44,20.00,20.01,6.90
2014-07-31 07:00:47,20.00,20.01,6.90
2014-07-31 07:05:49,20.00,20.01,6.90
2014-07-31 07:10:52,20.00,20.01,6.90
2014-07-31 07:15:55,20.00,20.01,6.90
2014-07-31 07:20:57,20.00,20.01,6.90
2014-07-31 07:26:00,20.00,20.01,6.90
2014-07-31 07:31:02,20.00,20.01,6.90
2014-07-31 07:36:05,20.00,20.01,6.90
2014-07-31 07:41:07,20.00,19.92,6.90
2014-07-31 07:46:10,20.00,19.92,6.90
2014-07-31 07:51:13,19.75,19.92,6.90
2014-07-31 07:56:15,19.75,19.92,6.90
2014-07-31 08:01:18,19.75,19.92,6.90
2014-07-31 08:06:20,19.75,19.92,6.90
2014-07-31 08:11:23,19.75,19.92,6.90
2014-07-31 08:16:25,19.75,19.92,6.90
2014-07-31 08:21:28,19.75,19.92,6.90
2014-07-31 08:26:30,19.75,19.92,6.90
2014-07-31 08:31:33,19.75,19.92,6.90
2014-07-31 08:36:36,19.75,19.92,6.90
2014-07-31 08:41:38,19.75,19.92,6.90
2014-07-31 08:46:41,19.75,19.92,6.90
2014-07-31 08:51:43,19.75,19.92,6.90
2014-07-31 08:56:46,19.75,19.83,6.90
2014-07-31 09:01:48,19.75,19.92,6.90
2014-07-31 09:06:51,19.75,19.92,6.90
2014-07-31 09:11:53,19.75,19.92,6.90
2014-07-31 09:16:56,19.75,19.92,6.90
2014-07-31 09:21:58,19.75,19.92,6.90
2014-07-31 09:27:01,19.75,19.92,6.90
2014-07-31 09:32:04,19.75,19.92,6.90
2014-07-31 09:37:06,19.75,19.92,6.90
2014-07-31 09:42:09,19.75,19.92,6.90
2014-07-31 09:47:11,19.75,19.92,6.90
2014-07-31 09:52:14,19.75,19.92,6.90
2014-07-31 09:57:16,19.75,19.92,6.90
2014-07-31 10:02:19,19.75,19.92,6.90
2014-07-31 10:07:21,19.75,19.92,6.90
2014-07-31 10:12:24,19.75,19.92,6.90
2014-07-31 10:17:27,19.75,19.92,6.90
2014-07-31 10:22:29,19.75,20.01,6.90
2014-07-31 10:27:32,19.75,20.01,6.90
2014-07-31 10:32:34,19.75,20.01,6.90
2014-07-31 10:37:37,19.75,20.01,6.90
2014-07-31 10:42:39,19.75,20.01,6.90
2014-07-31 10:47:42,20.00,20.01,6.90
2014-07-31 10:52:45,20.00,20.04,6.90
2014-07-31 10:57:47,20.00,20.01,6.90
2014-07-31 11:02:50,20.00,20.01,6.90
2014-07-31 11:07:52,20.00,20.09,6.90
2014-07-31 11:12:55,20.00,20.09,6.90
2014-07-31 11:17:57,20.00,20.09,6.90
2014-07-31 11:23:00,20.00,20.09,6.90
2014-07-31 11:28:03,20.00,20.09,6.90
2014-07-31 11:33:05,20.00,20.09,6.90
2014-07-31 11:38:08,20.00,20.18,6.90
2014-07-31 11:43:10,20.00,20.13,6.90
2014-07-31 11:48:13,20.00,20.18,6.90
2014-07-31 11:53:16,20.00,20.18,6.90
2014-07-31 11:58:18,20.00,20.18,6.90
2014-07-31 12:03:21,20.00,20.18,6.90
2014-07-31 12:08:23,20.00,20.18,6.90
2014-07-31 12:13:26,20.00,20.25,6.90
2014-07-31 12:18:29,20.00,20.18,6.90
2014-07-31 12:23:31,20.00,20.18,6.90
2014-07-31 12:28:34,20.00,20.18,6.90
2014-07-31 12:33:36,20.00,20.27,6.90
2014-07-31 12:38:39,20.00,20.27,6.90
2014-07-31 12:43:41,20.00,20.27,6.90
2014-07-31 12:48:44,20.00,20.18,6.90
2014-07-31 12:53:47,20.00,20.27,6.90
2014-07-31 12:58:49,20.25,20.27,6.90
2014-07-31 13:03:52,20.25,20.27,6.90
2014-07-31 13:08:54,20.25,20.27,6.90
2014-07-31 13:13:57,20.25,20.27,6.90
2014-07-31 13:19:00,20.25,20.35,6.90
2014-07-31 13:24:02,20.25,20.35,6.90
2014-07-31 13:29:05,20.25,20.35,6.90
2014-07-31 13:34:07,20.25,20.35,6.90
2014-07-31 13:39:10,20.25,20.35,6.90
2014-07-31 13:44:13,20.25,20.35,6.90
2014-07-31 13:49:15,20.25,20.35,6.90
2014-07-31 13:54:18,20.25,20.35,6.90
2014-07-31 13:59:21,20.25,20.35,6.90
2014-07-31 14:04:23,20.25,20.35,6.90
2014-07-31 14:09:26,20.25,20.44,6.90
2014-07-31 14:14:28,20.25,20.44,6.90
2014-07-31 14:19:31,20.25,20.44,6.90
2014-07-31 14:24:34,20.25,20.44,6.90
2014-07-31 14:29:36,20.25,20.44,6.90
2014-07-31 14:34:39,20.25,20.44,6.90
2014-07-31 14:39:42,20.25,20.53,6.90
2014-07-31 14:44:44,20.50,20.53,6.90
2014-07-31 14:49:47,20.50,20.53,6.90
2014-07-31 14:54:49,20.50,20.53,6.90
2014-07-31 14:59:52,20.50,20.53,6.90
2014-07-31 15:04:55,20.50,20.61,6.90
2014-07-31 15:09:57,20.50,20.61,6.90
2014-07-31 15:15:00,20.50,20.61,6.90
2014-07-31 15:20:03,20.50,20.61,6.90
2014-07-31 15:25:05,20.50,20.61,6.90
2014-07-31 15:30:08,20.50,20.70,6.90
2014-07-31 15:35:11,20.50,20.68,6.90
2014-07-31 15:40:13,20.50,20.70,6.90
2014-07-31 15:45:16,20.50,20.70,6.90
2014-07-31 15:50:19,20.50,20.70,6.90
2014-07-31 15:55:21,20.50,20.70,6.90
2014-07-31 16:00:24,20.50,20.78,6.90
2014-07-31 16:05:27,20.50,20.78,6.90
2014-07-31 16:10:29,20.75,20.78,6.90
2014-07-31 16:15:32,20.75,20.78,6.90
2014-07-31 16:20:35,20.75,20.78,6.90
2014-07-31 16:25:37,20.75,20.87,6.90
2014-07-31 16:30:40,20.75,20.87,6.90
2014-07-31 16:35:43,20.75,20.87,6.90
2014-07-31 16:40:45,20.75,20.78,6.90
2014-07-31 16:45:48,20.75,20.87,6.90
2014-07-31 16:50:51,20.75,20.87,6.90
2014-07-31 16:55:53,20.75,20.87,6.90
2014-07-31 17:00:56,20.75,20.87,6.90
2014-07-31 17:05:59,20.75,20.87,6.90
2014-07-31 17:11:01,20.75,20.96,6.90
2014-07-31 17:16:04,20.75,20.96,6.90
2014-07-31 17:21:07,20.75,20.96,6.90
2014-07-31 17:26:09,20.75,20.96,6.90
2014-07-31 17:31:12,20.75,20.96,6.90
2014-07-31 17:36:15,20.75,20.96,6.90
2014-07-31 17:41:18,20.75,21.04,6.89
2014-07-31 17:46:20,21.00,21.04,6.89
2014-07-31 17:51:23,21.00,21.04,6.90
2014-07-31 17:56:26,21.00,21.04,6.89
2014-07-31 18:01:28,21.00,21.04,6.90
2014-07-31 18:06:31,21.00,21.04,6.90
2014-07-31 18:11:34,21.00,21.13,6.89
2014-07-31 18:16:36,21.00,21.13,6.90
2014-07-31 18:21:39,21.00,21.13,6.90
2014-07-31 18:26:42,21.00,21.13,6.89
2014-07-31 18:31:45,21.00,21.13,6.89
2014-07-31 18:36:47,21.00,21.13,6.89
2014-07-31 18:41:50,21.00,21.13,6.89
2014-07-31 18:46:53,21.00,21.13,6.90
2014-07-31 18:51:56,21.00,21.13,6.89
2014-07-31 18:56:58,21.00,21.13,6.89
2014-07-31 19:02:01,21.00,21.22,6.89
2014-07-31 19:07:04,21.00,21.22,6.90
2014-07-31 19:12:06,21.00,21.22,6.89
2014-07-31 19:17:09,21.00,21.22,6.89
2014-07-31 19:22:12,21.00,21.22,6.89
2014-07-31 19:27:15,21.25,21.30,6.89
2014-07-31 19:32:17,21.25,21.30,6.89
2014-07-31 19:37:20,21.25,21.22,6.89
2014-07-31 19:42:23,21.25,21.30,6.89
2014-07-31 19:47:26,21.25,21.22,6.89
2014-07-31 19:52:28,21.25,21.29,6.89
2014-07-31 19:57:31,21.25,21.22,6.89
2014-07-31 20:02:34,21.25,21.22,6.89
2014-07-31 20:07:36,21.25,21.22,6.89
2014-07-31 20:12:39,21.25,21.22,6.89
2014-07-31 20:17:42,21.25,21.22,6.89
2014-07-31 20:22:45,21.25,21.22,6.89
2014-07-31 20:27:47,21.25,21.30,6.89
2014-07-31 20:32:50,21.25,21.30,6.89
2014-07-31 20:37:53,21.25,21.30,6.89
2014-07-31 20:42:56,21.25,21.30,6.89
2014-07-31 20:47:58,21.25,21.22,6.89
2014-07-31 20:53:01,21.25,21.22,6.89
2014-07-31 20:58:04,21.25,21.22,6.89
2014-07-31 21:03:07,21.25,21.22,6.89
2014-07-31 21:08:09,21.25,21.22,6.89
2014-07-31 21:13:12,21.25,21.22,6.89
2014-07-31 21:18:15,21.25,21.22,6.89
2014-07-31 21:23:18,21.25,21.22,6.89
2014-07-31 21:28:20,21.25,21.22,6.89
2014-07-31 21:33:23,21.25,21.22,6.89
2014-07-31 21:38:26,21.00,21.22,6.89
2014-07-31 21:43:28,21.25,21.22,6.89
2014-07-31 21:48:31,21.25,21.22,6.89
2014-07-31 21:53:34,21.25,21.22,6.89
2014-07-31 21:58:37,21.00,21.22,6.89
2014-07-31 22:03:39,21.00,21.13,6.89
2014-07-31 22:08:42,21.00,21.15,6.89
2014-07-31 22:13:45,21.00,21.13,6.89
2014-07-31 22:18:48,21.00,21.13,6.89
2014-07-31 22:23:50,21.00,21.13,6.89
2014-07-31 22:28:53,21.00,21.13,6.88
2014-07-31 22:33:56,21.00,21.13,6.88
2014-07-31 22:38:58,21.00,21.13,6.89
2014-07-31 22:44:01,21.00,21.10,6.89
2014-07-31 22:49:04,21.00,21.11,6.88
2014-07-31 22:54:07,21.00,21.04,6.89
2014-07-31 22:59:09,21.00,21.04,6.89
2014-07-31 23:04:12,21.00,21.04,6.89
2014-07-31 23:09:15,21.00,21.04,6.89
2014-07-31 23:14:17,21.00,21.04,6.89
2014-07-31 23:19:20,21.00,21.04,6.89
2014-07-31 23:24:23,21.00,21.04,6.89
2014-07-31 23:29:26,21.00,21.04,6.88
2014-07-31 23:34:28,21.00,21.04,6.89
2014-07-31 23:39:31,21.00,20.96,6.89
2014-07-31 23:44:34,21.00,20.96,6.89
2014-07-31 23:49:36,21.00,20.96,6.88
2014-07-31 23:54:39,21.00,20.96,6.89
2014-07-31 23:59:42,21.00,20.96,6.88
2014-08-01 00:04:45,21.00,20.96,6.88
2014-08-01 00:09:47,20.75,20.96,6.88
2014-08-01 00:14:50,20.75,20.87,6.89
2014-08-01 00:19:53,20.75,20.87,6.89
2014-08-01 00:24:55,20.75,20.87,6.88
2014-08-01 00:29:58,20.75,20.87,6.88
2014-08-01 00:35:01,20.75,20.87,6.88
2014-08-01 00:40:03,20.75,20.85,6.88
2014-08-01 00:45:06,20.75,20.87,6.88
2014-08-01 00:50:09,20.75,20.87,6.89
2014-08-01 00:55:11,20.75,20.78,6.88
2014-08-01 01:00:14,20.75,20.78,6.88
2014-08-01 01:05:17,20.75,20.78,6.88
2014-08-01 01:10:20,20.75,20.78,6.88
2014-08-01 01:15:22,20.75,20.78,6.88
2014-08-01 01:20:25,20.75,20.70,6.88
2014-08-01 01:25:28,20.75,20.70,6.88
2014-08-01 01:30:30,20.75,20.70,6.88
2014-08-01 01:35:33,20.75,20.70,6.88
2014-08-01 01:40:36,20.75,20.70,6.88
2014-08-01 01:45:38,20.75,20.70,6.88
2014-08-01 01:50:41,20.75,20.70,6.88
2014-08-01 01:55:44,20.75,20.70,6.88
2014-08-01 02:00:46,20.50,20.70,6.88
2014-08-01 02:05:49,20.50,20.70,6.88
2014-08-01 02:10:52,20.50,20.70,6.88
2014-08-01 02:15:54,20.50,20.70,6.88
2014-08-01 02:20:57,20.50,20.61,6.88
2014-08-01 02:26:00,20.50,20.68,6.88
2014-08-01 02:31:02,20.50,20.70,6.88
2014-08-01 02:36:05,20.50,20.70,6.88
2014-08-01 02:41:07,20.50,20.61,6.88
2014-08-01 02:46:10,20.50,20.61,6.88
2014-08-01 02:51:13,20.50,20.61,6.88
2014-08-01 02:56:15,20.50,20.61,6.88
2014-08-01 03:01:18,20.50,20.61,6.88
2014-08-01 03:06:21,20.50,20.61,6.88
2014-08-01 03:11:23,20.50,20.61,6.88
2014-08-01 03:16:26,20.50,20.61,6.88
2014-08-01 03:21:29,20.50,20.61,6.88
2014-08-01 03:26:31,20.50,20.53,6.88
2014-08-01 03:31:34,20.50,20.53,6.88
2014-08-01 03:36:37,20.50,20.53,6.88
2014-08-01 03:41:39,20.50,20.53,6.88
2014-08-01 03:46:42,20.50,20.53,6.88
2014-08-01 03:51:45,20.50,20.53,6.88
2014-08-01 03:56:47,20.50,20.53,6.88
2014-08-01 04:01:50,20.50,20.53,6.88
2014-08-01 04:06:52,20.50,20.53,6.88
2014-08-01 04:11:55,20.50,20.53,6.88
2014-08-01 04:16:58,20.50,20.44,6.88
2014-08-01 04:22:00,20.50,20.44,6.88
2014-08-01 04:27:03,20.50,20.44,6.88
2014-08-01 04:32:06,20.50,20.44,6.88
2014-08-01 04:37:08,20.50,20.44,6.88
2014-08-01 04:42:11,20.50,20.44,6.88
2014-08-01 04:47:13,20.50,20.44,6.88
2014-08-01 04:52:16,20.25,20.44,6.88
2014-08-01 04:57:19,20.25,20.44,6.88
2014-08-01 05:02:21,20.25,20.44,6.88
2014-08-01 05:07:24,20.25,20.44,6.88
2014-08-01 05:12:27,20.25,20.44,6.88
2014-08-01 05:17:29,20.25,20.44,6.88
2014-08-01 05:22:32,20.25,20.44,6.88
2014-08-01 05:27:34,20.25,20.35,6.88
2014-08-01 05:32:37,20.25,20.35,6.88
2014-08-01 05:37:40,20.25,20.35,6.87
2014-08-01 05:42:42,20.25,20.35,6.88
2014-08-01 05:47:45,20.25,20.35,6.88
2014-08-01 05:52:47,20.25,20.35,6.88
2014-08-01 05:57:50,20.25,20.35,6.87
2014-08-01 06:02:53,20.25,20.35,6.88
2014-08-01 06:07:55,20.25,20.35,6.88
2014-08-01 06:12:58,20.25,20.35,6.88
2014-08-01 06:18:01,20.25,20.35,6.88
2014-08-01 06:23:03,20.25,20.35,6.87
2014-08-01 06:28:06,20.25,20.35,6.88
2014-08-01 06:33:08,20.25,20.35,6.87
2014-08-01 06:38:11,20.25,20.35,6.88
2014-08-01 06:43:14,20.25,20.27,6.87
2014-08-01 06:48:16,20.25,20.34,6.88
2014-08-01 06:53:19,20.25,20.27,6.87
2014-08-01 06:58:21,20.25,20.27,6.87
2014-08-01 07:03:24,20.25,20.27,6.87
2014-08-01 07:08:27,20.25,20.27,6.88
2014-08-01 07:13:29,20.25,20.27,6.87
2014-08-01 07:18:32,20.25,20.27,6.88
2014-08-01 07:23:34,20.25,20.27,6.87
2014-08-01 07:28:37,20.25,20.27,6.87
2014-08-01 07:33:40,20.25,20.27,6.88
2014-08-01 07:38:42,20.25,20.27,6.87
2014-08-01 07:43:45,20.25,20.18,6.87
2014-08-01 07:48:47,20.25,20.18,6.87
2014-08-01 07:53:50,20.00,20.18,6.87
2014-08-01 07:58:53,20.25,20.18,6.88
2014-08-01 08:03:55,20.25,20.18,6.87
2014-08-01 08:08:58,20.25,20.18,6.87
2014-08-01 08:14:00,20.00,20.18,6.87
2014-08-01 08:19:03,20.00,20.18,6.87
2014-08-01 08:24:05,20.00,20.18,6.87
2014-08-01 08:29:08,20.00,20.09,6.87
2014-08-01 08:34:11,20.00,20.09,6.87
2014-08-01 08:39:13,20.00,20.09,6.87
2014-08-01 08:44:16,20.00,20.09,6.87
2014-08-01 08:49:18,20.00,20.01,6.87
2014-08-01 08:54:21,20.00,20.01,6.87
2014-08-01 08:59:23,20.00,20.01,6.87
2014-08-01 09:04:26,20.00,20.01,6.87
2014-08-01 09:09:29,20.00,20.01,6.87
2014-08-01 09:14:31,20.00,20.01,6.87
2014-08-01 09:19:34,20.00,20.01,6.87
2014-08-01 09:24:36,20.00,20.01,6.87
2014-08-01 09:29:39,20.00,19.92,6.87
2014-08-01 09:34:41,19.75,19.92,6.87
2014-08-01 09:39:44,19.75,19.92,6.87
2014-08-01 09:44:47,19.75,19.92,6.87
2014-08-01 09:49:49,19.75,19.92,6.87
2014-08-01 09:54:52,19.75,19.92,6.87
2014-08-01 09:59:54,19.75,19.92,6.87
2014-08-01 10:04:57,19.75,19.92,6.87
2014-08-01 10:09:59,19.75,19.92,6.87
2014-08-01 10:15:02,19.75,19.92,6.87
2014-08-01 10:20:04,19.75,19.92,6.87
2014-08-01 10:25:07,19.75,19.92,6.87
2014-08-01 10:30:09,19.75,20.01,6.87
2014-08-01 10:35:12,20.00,19.92,6.87
2014-08-01 10:40:15,20.00,20.01,6.87
2014-08-01 10:45:17,20.00,20.01,6.87
2014-08-01 10:50:20,25.50,25.48,6.74
2014-08-01 10:55:23,25.75,24.53,6.77
2014-08-01 11:00:27,27.00,25.67,6.79
2014-08-01 11:05:31,28.50,27.99,6.77
2014-08-01 11:10:34,29.50,28.53,6.70
2014-08-01 11:15:38,30.25,30.27,6.78
2014-08-01 11:20:43,31.25,31.85,6.78
2014-08-01 11:25:47,31.25,31.66,6.67
2014-08-01 11:30:51,28.75,27.90,6.85
2014-08-01 11:35:54,25.75,25.14,6.86
2014-08-01 11:40:58,25.00,24.18,6.86
2014-08-01 11:46:01,24.75,23.13,6.86
2014-08-01 11:51:04,24.00,22.61,6.86
2014-08-01 11:56:08,24.00,22.78,6.86
2014-08-01 12:01:11,24.25,22.87,6.86
2014-08-01 12:06:14,24.50,23.04,6.86
2014-08-01 12:11:17,24.75,23.13,6.86
2014-08-01 12:16:21,24.75,23.21,6.86
2014-08-01 12:21:24,24.75,23.30,6.86
2014-08-01 12:26:27,25.00,23.48,6.86
2014-08-01 12:31:31,25.00,23.56,6.86
2014-08-01 12:36:34,25.00,23.56,6.86
2014-08-01 12:41:37,25.00,23.65,6.86
2014-08-01 12:46:41,25.00,23.74,6.86
2014-08-01 12:51:44,25.00,23.79,6.86
2014-08-01 12:56:47,25.00,23.83,6.86
2014-08-01 13:01:51,25.25,23.91,6.86
2014-08-01 13:06:54,25.25,24.00,6.86
2014-08-01 13:11:57,25.25,24.00,6.86
2014-08-01 13:17:01,25.25,24.00,6.86
2014-08-01 13:22:04,25.25,24.00,6.86
2014-08-01 13:27:08,26.00,25.85,6.86
2014-08-01 13:32:11,28.75,28.08,6.86
2014-08-01 13:37:15,31.00,30.54,6.86
2014-08-01 13:42:20,35.00,33.27,6.86
2014-08-01 13:47:25,36.25,36.00,6.86
2014-08-01 13:52:30,34.50,34.17,6.86
2014-08-01 13:57:35,33.75,31.38,6.86
2014-08-01 14:02:40,31.50,29.81,6.86
2014-08-01 14:07:44,30.50,29.08,6.86
2014-08-01 14:12:48,30.00,28.80,6.86
2014-08-01 14:17:52,29.75,28.62,6.86
2014-08-01 14:22:56,29.75,28.53,6.86
2014-08-01 14:28:00,29.50,28.53,6.86
2014-08-01 14:33:04,29.50,28.44,6.86
2014-08-01 14:38:08,29.50,28.44,6.86
2014-08-01 14:43:12,29.25,28.44,6.86
2014-08-01 14:48:16,29.25,28.44,6.86
2014-08-01 14:53:21,29.25,28.44,6.86
2014-08-01 14:58:25,29.25,28.53,6.86
2014-08-01 15:03:29,29.25,28.53,6.87
2014-08-01 15:08:33,29.25,28.62,6.86
2014-08-01 15:13:37,29.25,28.62,6.87
2014-08-01 15:18:41,29.25,28.62,6.87
2014-08-01 15:23:45,29.25,28.71,6.87
2014-08-01 15:28:49,29.25,28.80,6.87
2014-08-01 15:33:53,29.25,28.89,6.87
2014-08-01 15:38:57,29.25,28.99,6.87
2014-08-01 15:44:01,29.25,29.35,6.87
