DATETIME,RTC_TEMP_C,TEMP_C,PHOTO,BATTERY_LEVEL
2014-08-12 17:58:47,24.75,22.42,623,708
2014-08-12 17:58:48,24.75,22.42,568,708
2014-08-12 17:58:49,24.75,22.45,565,708
2014-08-12 17:58:50,24.75,22.51,548,708
2014-08-12 17:58:51,24.75,22.51,551,708
2014-08-12 17:58:52,24.75,22.51,554,708
2014-08-12 17:58:54,24.75,22.51,527,708
2014-08-12 17:58:55,24.75,22.51,521,708
2014-08-12 17:58:56,24.75,22.51,540,708
2014-08-12 17:58:57,24.75,22.42,541,708
2014-08-12 17:58:58,24.75,22.42,533,708
2014-08-12 17:58:59,24.75,22.33,531,708
2014-08-12 17:59:01,24.75,20.76,547,708
2014-08-12 17:59:02,24.75,19.03,552,708
2014-08-12 17:59:03,24.75,17.86,556,708
2014-08-12 17:59:04,24.75,17.09,561,708
2014-08-12 17:59:05,24.75,16.64,538,708
2014-08-12 17:59:06,24.75,16.30,539,708
2014-08-12 17:59:08,24.75,16.05,539,708
2014-08-12 17:59:09,24.75,15.95,553,708
2014-08-12 17:59:10,24.75,15.80,556,708
2014-08-12 17:59:11,24.75,15.69,555,708
2014-08-12 17:59:12,24.75,15.61,555,708
2014-08-12 17:59:13,24.75,15.50,553,708
2014-08-12 17:59:15,24.75,15.36,557,708
2014-08-12 17:59:16,24.75,15.26,557,708
2014-08-12 17:59:17,24.75,15.17,554,708
2014-08-12 17:59:18,24.75,15.02,564,708
2014-08-12 17:59:19,24.75,14.93,564,708
2014-08-12 17:59:20,24.75,14.84,558,708
2014-08-12 17:59:22,24.75,14.76,556,708
2014-08-12 17:59:23,24.75,14.67,556,708
2014-08-12 17:59:24,24.75,14.57,552,708
2014-08-12 17:59:25,24.75,14.50,553,708
2014-08-12 17:59:26,24.75,14.41,554,708
2014-08-12 17:59:27,24.75,14.32,555,708
2014-08-12 17:59:29,24.75,14.31,556,708
2014-08-12 17:59:30,24.75,14.22,556,708
2014-08-12 17:59:31,24.75,14.15,558,708
2014-08-12 17:59:32,25.00,14.06,559,708
2014-08-12 17:59:33,25.00,14.05,557,708
2014-08-12 17:59:34,25.00,13.98,558,708
2014-08-12 17:59:36,25.00,13.96,559,708
2014-08-12 17:59:37,25.00,13.87,557,708
2014-08-12 17:59:38,25.00,13.87,555,708
2014-08-12 17:59:39,25.00,13.80,554,708
2014-08-12 17:59:40,25.00,13.71,555,708
2014-08-12 17:59:41,25.00,13.71,555,708
2014-08-12 17:59:43,25.00,13.63,555,707
2014-08-12 17:59:44,25.00,13.63,558,708
2014-08-12 17:59:45,25.00,13.61,554,708
2014-08-12 17:59:46,25.00,13.54,552,708
2014-08-12 17:59:47,25.00,13.52,552,708
2014-08-12 17:59:48,25.00,13.45,552,707
2014-08-12 17:59:50,25.00,13.44,552,708
2014-08-12 17:59:51,25.00,13.40,553,708
2014-08-12 17:59:52,25.00,13.37,540,708
2014-08-12 17:59:53,25.00,13.35,552,708
2014-08-12 17:59:54,25.00,13.28,554,708
2014-08-12 17:59:55,25.00,13.28,569,708
2014-08-12 17:59:57,25.00,13.26,576,707
2014-08-12 17:59:58,25.00,13.19,576,708
2014-08-12 17:59:59,25.00,13.17,575,708
2014-08-12 18:00:00,25.00,13.17,551,708
2014-08-12 18:00:01,25.00,13.10,555,708
2014-08-12 18:00:02,25.00,13.10,567,708
2014-08-12 18:00:04,25.00,13.10,562,708
2014-08-12 18:00:05,25.00,13.09,559,708
2014-08-12 18:00:06,25.00,13.02,550,708
2014-08-12 18:00:07,25.00,13.02,549,708
2014-08-12 18:00:08,25.00,13.02,555,708
2014-08-12 18:00:09,25.00,13.00,557,708
2014-08-12 18:00:11,25.00,13.00,557,708
2014-08-12 18:00:12,25.00,12.93,557,708
2014-08-12 18:00:13,25.00,12.93,557,707
2014-08-12 18:00:14,25.00,12.93,556,708
2014-08-12 18:00:15,25.00,12.91,557,708
2014-08-12 18:00:16,25.00,12.91,557,708
2014-08-12 18:00:18,25.00,12.84,558,707
2014-08-12 18:00:19,25.00,12.84,559,708
2014-08-12 18:00:20,25.00,12.84,540,708
2014-08-12 18:00:21,25.00,12.82,541,707
2014-08-12 18:00:22,25.00,12.82,541,708
2014-08-12 18:00:23,25.00,12.81,553,708
2014-08-12 18:00:25,25.00,12.75,555,707
2014-08-12 18:00:26,25.00,12.75,562,707
2014-08-12 18:00:27,25.00,12.75,563,708
2014-08-12 18:00:28,25.00,12.75,562,708
2014-08-12 18:00:29,25.00,12.75,559,708
2014-08-12 18:00:30,25.00,12.75,546,708
2014-08-12 18:00:32,25.00,12.75,552,708
2014-08-12 18:00:33,25.00,12.74,545,707
2014-08-12 18:00:34,25.00,12.74,571,708
2014-08-12 18:00:35,25.00,12.74,573,708
2014-08-12 18:00:36,25.00,12.74,573,708
2014-08-12 18:00:37,25.00,12.67,563,708
2014-08-12 18:00:39,25.00,12.67,524,708
2014-08-12 18:00:40,25.00,12.67,518,708
2014-08-12 18:00:41,25.00,12.67,530,708
2014-08-12 18:00:42,25.00,12.67,548,707
2014-08-12 18:00:43,25.00,12.67,569,707
2014-08-12 18:00:44,25.00,12.67,571,708
2014-08-12 18:00:46,25.00,12.65,571,708
2014-08-12 18:00:47,25.00,12.65,535,708
2014-08-12 18:00:48,25.00,12.65,546,708
2014-08-12 18:00:49,25.00,12.65,545,707
2014-08-12 18:00:50,25.00,12.65,546,708
2014-08-12 18:00:51,25.00,12.65,545,708
2014-08-12 18:00:53,25.00,12.65,542,708
2014-08-12 18:00:54,25.00,12.63,550,708
2014-08-12 18:00:55,25.00,12.65,557,707
2014-08-12 18:00:56,25.00,12.65,556,708
2014-08-12 18:00:57,25.00,12.65,560,707
2014-08-12 18:00:58,25.00,12.61,564,708
2014-08-12 18:01:00,25.00,12.58,570,708
2014-08-12 18:01:01,25.00,12.58,580,708
2014-08-12 18:01:02,25.00,12.58,580,708
2014-08-12 18:01:03,25.00,12.58,580,708
2014-08-12 18:01:04,25.00,12.58,579,708
2014-08-12 18:01:05,25.00,12.58,579,708
2014-08-12 18:01:07,25.00,12.58,579,708
2014-08-12 18:01:08,25.00,12.58,579,708
2014-08-12 18:01:09,25.00,12.58,579,707
2014-08-12 18:01:10,25.00,12.58,579,708
2014-08-12 18:01:11,25.00,12.58,579,708
2014-08-12 18:01:12,25.00,12.56,578,708
2014-08-12 18:01:14,25.00,12.56,578,707
2014-08-12 18:01:15,25.00,12.56,578,708
2014-08-12 18:01:16,25.00,12.56,578,708
2014-08-12 18:01:17,25.00,12.53,578,708
2014-08-12 18:01:18,25.00,12.49,578,708
2014-08-12 18:01:19,25.00,12.49,578,707
2014-08-12 18:01:21,25.00,12.49,571,708
2014-08-12 18:01:22,25.00,12.49,573,708
2014-08-12 18:01:23,25.00,12.49,576,708
2014-08-12 18:01:24,25.00,12.49,576,707
2014-08-12 18:01:25,25.00,12.49,576,708
2014-08-12 18:01:26,25.00,12.49,576,707
2014-08-12 18:01:28,25.00,12.49,569,708
2014-08-12 18:01:29,25.00,12.49,569,707
2014-08-12 18:01:30,25.00,12.49,565,708
2014-08-12 18:01:31,25.00,12.49,565,707
2014-08-12 18:01:32,25.00,12.49,530,708
2014-08-12 18:01:33,25.00,12.49,553,708
2014-08-12 18:01:35,25.00,12.49,542,708
2014-08-12 18:01:36,25.00,12.49,538,707
2014-08-12 18:01:37,25.00,12.49,549,707
2014-08-12 18:01:38,25.00,12.49,542,708
2014-08-12 18:01:39,25.00,12.49,543,708
2014-08-12 18:01:40,24.75,12.49,543,708
2014-08-12 18:01:42,24.75,12.49,548,707
2014-08-12 18:01:43,24.75,12.49,552,707
2014-08-12 18:01:44,24.75,12.49,557,707
2014-08-12 18:01:45,24.75,12.49,557,707
2014-08-12 18:01:46,24.75,12.49,556,708
2014-08-12 18:01:47,24.75,12.49,543,708
2014-08-12 18:01:49,24.75,12.51,534,707
2014-08-12 18:01:50,24.75,12.51,534,707
2014-08-12 18:01:51,24.75,12.53,532,708
2014-08-12 18:01:52,24.75,12.49,549,708
2014-08-12 18:01:53,24.75,12.51,553,708
2014-08-12 18:01:54,24.75,12.54,553,708
2014-08-12 18:01:56,24.75,12.56,553,708
2014-08-12 18:01:57,24.75,12.56,549,708
2014-08-12 18:01:58,24.75,12.56,539,708
2014-08-12 18:01:59,24.75,12.56,514,708
2014-08-12 18:02:00,24.75,12.56,532,708
2014-08-12 18:02:01,24.75,12.56,563,707
2014-08-12 18:02:03,24.75,12.56,561,708
2014-08-12 18:02:04,24.75,12.56,550,708
2014-08-12 18:02:05,24.75,12.56,566,708
2014-08-12 18:02:06,24.75,12.56,552,708
2014-08-12 18:02:07,24.75,12.56,538,708
2014-08-12 18:02:08,24.75,12.56,566,708
2014-08-12 18:02:10,24.75,12.56,569,708
2014-08-12 18:02:11,24.75,12.58,568,707
2014-08-12 18:02:12,24.75,12.58,568,708
2014-08-12 18:02:13,24.75,12.58,568,708
2014-08-12 18:02:14,24.75,12.58,568,708
2014-08-12 18:02:16,24.75,12.58,568,707
2014-08-12 18:02:17,24.75,12.58,568,708
2014-08-12 18:02:18,24.75,12.58,568,708
2014-08-12 18:02:19,24.75,12.58,568,708
2014-08-12 18:02:20,24.75,12.58,568,708
2014-08-12 18:02:21,24.75,12.58,568,708
2014-08-12 18:02:23,24.75,12.58,568,707
2014-08-12 18:02:24,24.75,12.58,568,708
2014-08-12 18:02:25,24.75,12.58,564,708
2014-08-12 18:02:26,24.75,12.58,563,707
2014-08-12 18:02:27,24.75,12.58,562,707
2014-08-12 18:02:28,24.75,12.58,555,708
2014-08-12 18:02:30,24.75,12.58,559,708
2014-08-12 18:02:31,24.75,12.58,560,707
2014-08-12 18:02:32,24.75,12.58,560,707
2014-08-12 18:02:33,24.75,12.58,561,708
2014-08-12 18:02:34,24.75,12.58,561,707
2014-08-12 18:02:35,24.75,12.58,561,708
2014-08-12 18:02:37,24.75,12.58,556,708
2014-08-12 18:02:38,24.75,12.58,547,707
2014-08-12 18:02:39,24.75,12.58,557,707
2014-08-12 18:02:40,24.75,12.58,548,708
2014-08-12 18:02:41,24.75,12.65,547,708
2014-08-12 18:02:42,24.75,12.65,556,708
2014-08-12 18:02:44,24.75,12.65,555,708
2014-08-12 18:02:45,24.75,12.67,555,708
2014-08-12 18:02:46,24.75,12.67,556,708
2014-08-12 18:02:47,24.75,12.67,555,707
2014-08-12 18:02:48,24.75,12.67,555,707
2014-08-12 18:02:49,24.75,12.67,548,708
2014-08-12 18:02:51,24.75,12.67,553,707
2014-08-12 18:02:52,24.75,12.67,554,707
2014-08-12 18:02:53,24.75,12.67,554,707
2014-08-12 18:02:54,24.75,12.67,551,707
2014-08-12 18:02:55,24.75,12.67,552,708
2014-08-12 18:02:56,24.75,12.67,552,707
2014-08-12 18:02:58,24.75,12.67,553,708
2014-08-12 18:02:59,24.75,12.67,554,707
2014-08-12 18:03:00,24.75,12.67,560,708
2014-08-12 18:03:01,24.75,12.67,558,708
2014-08-12 18:03:02,24.75,12.67,561,707
2014-08-12 18:03:03,24.75,12.67,561,707
2014-08-12 18:03:05,24.75,12.67,565,707
2014-08-12 18:03:06,24.75,12.67,563,707
2014-08-12 18:03:07,24.75,12.67,562,707
2014-08-12 18:03:08,24.75,12.67,567,708
2014-08-12 18:03:09,24.75,12.67,568,707
2014-08-12 18:03:10,24.75,12.67,566,708
2014-08-12 18:03:12,24.75,12.67,564,708
2014-08-12 18:03:13,24.75,12.67,575,708
2014-08-12 18:03:14,24.75,12.67,573,707
2014-08-12 18:03:15,24.75,12.67,574,708
2014-08-12 18:03:16,24.75,12.67,574,707
2014-08-12 18:03:17,24.75,12.67,574,707
2014-08-12 18:03:19,24.75,12.67,574,708
2014-08-12 18:03:20,24.75,12.67,575,707
2014-08-12 18:03:21,24.75,12.70,575,707
2014-08-12 18:03:22,24.75,12.72,575,707
2014-08-12 18:03:23,24.75,12.74,576,707
2014-08-12 18:03:24,24.75,12.74,566,707
2014-08-12 18:03:26,24.75,12.74,566,707
2014-08-12 18:03:27,24.75,12.74,566,708
2014-08-12 18:03:28,24.75,12.74,566,708
2014-08-12 18:03:29,24.75,12.74,566,708
2014-08-12 18:03:30,24.75,12.74,565,708
2014-08-12 18:03:31,24.75,12.74,566,708
2014-08-12 18:03:33,24.75,12.75,565,707
2014-08-12 18:03:34,24.75,12.75,565,708
2014-08-12 18:03:35,24.75,12.75,564,707
2014-08-12 18:03:36,24.75,12.75,565,708
2014-08-12 18:03:37,24.75,12.75,564,708
2014-08-12 18:03:38,24.75,12.75,564,708
2014-08-12 18:03:40,24.75,12.75,564,707
2014-08-12 18:03:41,24.75,12.75,564,707
2014-08-12 18:03:42,24.75,12.75,564,707
2014-08-12 18:03:43,24.75,12.75,564,708
2014-08-12 18:03:44,24.75,12.75,564,707
2014-08-12 18:03:45,24.75,12.75,564,707
2014-08-12 18:03:47,24.75,12.75,565,707
2014-08-12 18:03:48,24.75,12.75,564,707
2014-08-12 18:03:49,24.75,12.75,555,708
2014-08-12 18:03:50,24.75,12.75,556,708
2014-08-12 18:03:51,24.75,12.77,555,707
2014-08-12 18:03:52,24.75,12.79,555,708
2014-08-12 18:03:54,24.75,12.82,554,708
2014-08-12 18:03:55,24.75,12.82,555,708
2014-08-12 18:03:56,24.75,12.82,545,707
2014-08-12 18:03:57,24.75,12.79,546,707
2014-08-12 18:03:58,24.75,12.82,545,708
2014-08-12 18:03:59,24.75,12.82,545,707
2014-08-12 18:04:01,24.75,12.82,545,708
2014-08-12 18:04:02,24.75,12.82,540,708
2014-08-12 18:04:03,24.75,12.84,537,707
2014-08-12 18:04:04,24.75,12.84,537,707
2014-08-12 18:04:05,24.75,12.84,537,707
2014-08-12 18:04:06,24.75,12.84,515,707
2014-08-12 18:04:08,24.75,12.84,526,707
2014-08-12 18:04:09,24.75,12.84,530,707
2014-08-12 18:04:10,24.75,12.82,533,707
2014-08-12 18:04:11,24.75,12.82,542,707
2014-08-12 18:04:12,24.75,12.82,529,707
2014-08-12 18:04:13,24.75,12.82,532,707
2014-08-12 18:04:15,24.75,12.74,538,707
2014-08-12 18:04:16,24.75,12.67,539,708
2014-08-12 18:04:17,24.75,12.65,524,707
2014-08-12 18:04:18,24.75,12.65,525,707
2014-08-12 18:04:19,24.75,12.65,533,707
2014-08-12 18:04:20,24.75,12.65,533,707
2014-08-12 18:04:22,24.75,12.67,534,707
2014-08-12 18:04:23,24.75,12.67,533,708
2014-08-12 18:04:24,24.75,12.74,532,707
2014-08-12 18:04:25,24.75,12.75,533,707
2014-08-12 18:04:26,24.75,12.75,533,707
2014-08-12 18:04:28,24.75,12.75,535,708
2014-08-12 18:04:29,24.75,12.75,536,707
2014-08-12 18:04:30,24.75,12.82,536,707
2014-08-12 18:04:31,24.75,12.82,531,707
2014-08-12 18:04:32,24.75,12.84,531,708
2014-08-12 18:04:33,24.75,12.84,530,707
2014-08-12 18:04:35,24.75,12.84,530,707
2014-08-12 18:04:36,24.75,12.91,531,707
2014-08-12 18:04:37,24.75,12.91,531,707
2014-08-12 18:04:38,24.75,12.93,530,707
2014-08-12 18:04:39,24.75,12.93,531,707
2014-08-12 18:04:40,24.75,12.93,531,708
2014-08-12 18:04:42,24.75,12.93,530,707
2014-08-12 18:04:43,24.75,12.93,531,707
2014-08-12 18:04:44,24.75,12.93,531,708
2014-08-12 18:04:45,24.75,12.93,530,707
2014-08-12 18:04:46,24.75,12.93,531,707
2014-08-12 18:04:47,24.75,12.93,530,707
2014-08-12 18:04:49,24.75,12.93,530,707
2014-08-12 18:04:50,24.75,12.93,530,707
2014-08-12 18:04:51,24.75,12.93,530,707
2014-08-12 18:04:52,24.75,12.93,523,707
2014-08-12 18:04:53,24.75,13.26,529,707
2014-08-12 18:04:54,24.75,15.02,519,708
2014-08-12 18:04:56,24.75,16.73,532,707
2014-08-12 18:04:57,24.75,17.85,546,707
2014-08-12 18:04:58,24.75,18.54,552,707
2014-08-12 18:04:59,24.75,18.97,549,707
2014-08-12 18:05:00,24.75,19.22,546,707
2014-08-12 18:05:01,24.75,19.40,547,707
2014-08-12 18:05:03,24.75,19.48,547,707
2014-08-12 18:05:04,24.75,19.57,547,707
2014-08-12 18:05:05,24.75,19.65,548,707
2014-08-12 18:05:06,24.75,19.74,548,707
2014-08-12 18:05:07,24.75,19.83,548,707
2014-08-12 18:05:08,24.75,19.93,555,707
2014-08-12 18:05:10,24.75,20.09,556,707
2014-08-12 18:05:11,24.75,20.26,543,707
2014-08-12 18:05:12,24.75,20.36,546,707
2014-08-12 18:05:13,24.75,20.52,548,707
2014-08-12 18:05:14,24.75,20.60,549,707
2014-08-12 18:05:15,24.75,20.69,549,707
2014-08-12 18:05:17,24.75,20.71,549,707
2014-08-12 18:05:18,24.75,20.78,549,707
2014-08-12 18:05:19,24.75,20.78,548,707
2014-08-12 18:05:20,24.75,20.86,548,707
2014-08-12 18:05:21,24.75,20.88,549,707
2014-08-12 18:05:22,24.75,20.95,549,707
2014-08-12 18:05:24,24.75,21.03,549,707
2014-08-12 18:05:25,24.75,21.12,544,707
2014-08-12 18:05:26,24.75,21.21,552,707
2014-08-12 18:05:27,24.75,21.29,551,707
2014-08-12 18:05:28,24.75,21.38,551,708
2014-08-12 18:05:29,24.75,21.47,553,707
2014-08-12 18:05:31,24.75,21.47,554,707
2014-08-12 18:05:32,24.75,21.55,554,707
2014-08-12 18:05:33,24.75,21.64,555,707
2014-08-12 18:05:34,24.75,21.64,554,707
2014-08-12 18:05:35,24.75,21.73,554,707
2014-08-12 18:05:36,24.75,21.81,554,707
2014-08-12 18:05:38,24.75,21.81,554,707
2014-08-12 18:05:39,24.75,21.90,554,707
2014-08-12 18:05:40,24.75,21.90,554,707
2014-08-12 18:05:41,24.75,21.99,554,707
2014-08-12 18:05:42,24.75,21.99,554,707
2014-08-12 18:05:43,24.75,22.07,554,707
2014-08-12 18:05:45,24.75,22.07,554,707
2014-08-12 18:05:46,24.75,22.16,554,707
2014-08-12 18:05:47,24.75,22.16,554,708
2014-08-12 18:05:48,24.75,22.16,555,707
2014-08-12 18:05:49,24.75,22.25,554,707
2014-08-12 18:05:50,24.75,22.25,554,707
2014-08-12 18:05:52,24.75,22.26,554,707
2014-08-12 18:05:53,24.75,22.33,553,708
2014-08-12 18:05:54,24.75,22.33,554,707
2014-08-12 18:05:55,24.75,22.42,541,707
2014-08-12 18:05:56,24.75,22.42,548,707
2014-08-12 18:05:57,24.75,22.42,546,707
2014-08-12 18:05:59,24.75,22.51,547,707
2014-08-12 18:06:00,24.75,22.51,547,707
2014-08-12 18:06:01,24.75,22.51,547,707
2014-08-12 18:06:02,24.75,22.59,556,707
2014-08-12 18:06:03,24.75,22.59,545,707
2014-08-12 18:06:04,24.75,22.59,544,707
2014-08-12 18:06:06,24.75,22.68,544,707
2014-08-12 18:06:07,24.75,22.68,545,707
2014-08-12 18:06:08,24.75,22.68,543,707
2014-08-12 18:06:09,24.75,22.77,545,707
2014-08-12 18:06:10,24.75,22.77,545,707
2014-08-12 18:06:11,24.75,22.77,546,707
2014-08-12 18:06:13,24.75,22.77,546,707
2014-08-12 18:06:14,24.75,22.78,546,707
2014-08-12 18:06:15,24.75,22.85,546,707
2014-08-12 18:06:16,24.75,22.85,546,707
2014-08-12 18:06:17,24.75,22.85,546,707
2014-08-12 18:06:19,24.75,22.85,546,707
2014-08-12 18:06:20,24.75,22.85,546,707
2014-08-12 18:06:21,24.75,22.94,545,707
2014-08-12 18:06:22,24.75,22.94,544,707
2014-08-12 18:06:23,24.75,22.94,546,707
2014-08-12 18:06:24,24.75,22.94,545,707
2014-08-12 18:06:26,24.75,22.94,544,707
2014-08-12 18:06:27,24.75,22.94,541,707
2014-08-12 18:06:28,24.75,22.94,542,707
2014-08-12 18:06:29,24.75,23.03,531,707
2014-08-12 18:06:30,24.75,23.03,528,707
2014-08-12 18:06:31,24.75,23.03,527,707
2014-08-12 18:06:33,24.75,23.03,527,707
2014-08-12 18:06:34,24.75,23.03,525,707
2014-08-12 18:06:35,24.75,23.03,531,707
2014-08-12 18:06:36,24.75,23.03,545,707
2014-08-12 18:06:37,24.75,23.11,542,707
2014-08-12 18:06:38,24.75,23.11,555,707
2014-08-12 18:06:40,24.75,23.11,544,707
2014-08-12 18:06:41,24.75,23.11,554,707
2014-08-12 18:06:42,24.75,23.11,548,707
2014-08-12 18:06:43,24.75,23.11,549,707
2014-08-12 18:06:44,24.75,23.11,550,707
2014-08-12 18:06:45,24.75,23.20,552,707
2014-08-12 18:06:47,24.75,23.20,553,707
2014-08-12 18:06:48,24.75,23.20,552,707
2014-08-12 18:06:49,24.75,23.20,552,707
2014-08-12 18:06:50,24.75,23.20,553,707
2014-08-12 18:06:51,24.75,23.20,553,707
2014-08-12 18:06:52,24.75,23.20,553,707
2014-08-12 18:06:54,24.75,23.25,552,707
2014-08-12 18:06:55,24.75,23.29,544,707
2014-08-12 18:06:56,24.75,23.29,545,707
2014-08-12 18:06:57,24.75,23.29,557,707
2014-08-12 18:06:58,24.75,23.29,544,708
2014-08-12 18:06:59,24.75,23.29,540,707
2014-08-12 18:07:01,24.75,23.29,551,707
2014-08-12 18:07:02,24.75,23.29,546,707
2014-08-12 18:07:03,24.75,23.31,545,707
2014-08-12 18:07:04,24.75,23.38,557,707
2014-08-12 18:07:05,24.75,23.38,559,707
2014-08-12 18:07:06,24.75,23.38,560,707
2014-08-12 18:07:08,24.75,23.38,559,707
2014-08-12 18:07:09,24.75,23.38,558,707
2014-08-12 18:07:10,24.75,23.38,559,707
2014-08-12 18:07:11,24.75,23.38,558,707
2014-08-12 18:07:12,24.75,23.38,557,707
2014-08-12 18:07:13,24.75,23.46,547,707
2014-08-12 18:07:15,24.75,23.46,547,707
2014-08-12 18:07:16,24.75,23.46,547,707
2014-08-12 18:07:17,24.75,23.46,547,707
2014-08-12 18:07:18,24.75,23.46,547,707
2014-08-12 18:07:19,24.75,23.46,547,707
2014-08-12 18:07:20,24.75,23.46,547,707
2014-08-12 18:07:22,24.75,23.46,547,707
2014-08-12 18:07:23,24.75,23.46,547,707
2014-08-12 18:07:24,24.75,23.46,547,707
2014-08-12 18:07:25,24.75,23.55,547,707
2014-08-12 18:07:26,24.75,23.55,547,707
2014-08-12 18:07:27,24.75,23.55,547,707
2014-08-12 18:07:29,24.75,23.55,546,707
2014-08-12 18:07:30,24.75,23.55,541,707
2014-08-12 18:07:31,24.75,23.55,543,707
2014-08-12 18:07:32,24.75,23.55,542,707
2014-08-12 18:07:33,24.75,23.55,543,707
2014-08-12 18:07:34,24.75,23.55,543,707
2014-08-12 18:07:36,24.75,23.55,543,707
2014-08-12 18:07:37,24.75,23.55,543,707
2014-08-12 18:07:38,24.75,23.64,543,707
2014-08-12 18:07:39,24.75,23.64,543,707
2014-08-12 18:07:40,24.75,23.64,542,707
2014-08-12 18:07:41,24.75,23.64,542,707
2014-08-12 18:07:43,24.75,23.64,542,707
2014-08-12 18:07:44,24.75,23.64,542,707
2014-08-12 18:07:45,24.75,23.64,543,707
2014-08-12 18:07:46,24.75,23.64,543,707
2014-08-12 18:07:47,24.75,23.64,543,707
2014-08-12 18:07:48,24.75,23.64,544,707
2014-08-12 18:07:50,24.75,23.64,544,707
2014-08-12 18:07:51,24.75,23.64,544,707
2014-08-12 18:07:52,24.75,23.64,543,707
2014-08-12 18:07:53,24.75,23.64,543,707
2014-08-12 18:07:54,24.75,23.64,543,707
2014-08-12 18:07:55,24.75,23.64,545,707
2014-08-12 18:07:57,24.75,23.71,539,707
2014-08-12 18:07:58,24.75,23.72,557,707
2014-08-12 18:07:59,24.75,23.72,556,707
2014-08-12 18:08:00,24.75,23.72,553,707
2014-08-12 18:08:01,24.75,23.72,552,707
2014-08-12 18:08:02,24.75,23.72,553,707
2014-08-12 18:08:04,24.75,23.72,553,707
2014-08-12 18:08:05,24.75,23.72,553,707
2014-08-12 18:08:06,24.75,23.72,553,707
2014-08-12 18:08:07,24.75,23.72,555,707
2014-08-12 18:08:08,24.75,23.72,557,707
2014-08-12 18:08:09,24.75,23.72,560,707
2014-08-12 18:08:11,24.75,23.72,537,707
2014-08-12 18:08:12,24.75,23.72,545,707
2014-08-12 18:08:13,24.75,23.72,520,707
2014-08-12 18:08:14,24.75,23.72,543,707
2014-08-12 18:08:15,24.75,23.72,543,707
2014-08-12 18:08:16,24.75,23.72,545,707
2014-08-12 18:08:18,24.75,23.72,546,707
2014-08-12 18:08:19,24.75,23.72,545,707
2014-08-12 18:08:20,24.75,23.72,544,707
2014-08-12 18:08:21,24.75,23.72,544,707
2014-08-12 18:08:22,24.75,23.79,543,707
2014-08-12 18:08:24,24.75,23.81,543,707
2014-08-12 18:08:25,24.75,23.81,543,707
2014-08-12 18:08:26,24.75,23.81,542,707
2014-08-12 18:08:27,24.75,23.81,544,707
2014-08-12 18:08:28,24.75,23.81,509,707
2014-08-12 18:08:29,24.75,23.81,507,707
2014-08-12 18:08:31,24.75,23.81,511,707
2014-08-12 18:08:32,24.75,23.81,543,707
2014-08-12 18:08:33,24.75,23.81,554,707
2014-08-12 18:08:34,24.75,23.81,555,707
2014-08-12 18:08:35,24.75,23.81,551,707
2014-08-12 18:08:36,24.75,23.81,553,707
2014-08-12 18:08:38,24.75,23.81,553,707
2014-08-12 18:08:39,24.75,23.81,553,707
2014-08-12 18:08:40,24.75,23.81,553,707
2014-08-12 18:08:41,24.75,23.81,553,707
2014-08-12 18:08:42,24.75,23.81,553,707
2014-08-12 18:08:43,24.75,23.81,553,707
2014-08-12 18:08:45,24.75,23.81,553,707
2014-08-12 18:08:46,24.75,23.81,552,707
2014-08-12 18:08:47,24.75,23.81,553,707
2014-08-12 18:08:48,24.75,23.81,553,707
2014-08-12 18:08:49,24.75,23.81,553,707
2014-08-12 18:08:50,24.75,23.81,553,707
2014-08-12 18:08:52,24.75,23.81,552,707
2014-08-12 18:08:53,24.75,23.81,552,707
2014-08-12 18:08:54,24.75,23.81,551,707
2014-08-12 18:08:55,24.75,23.81,552,707
2014-08-12 18:08:56,24.75,23.81,551,707
2014-08-12 18:08:57,24.75,23.81,551,707
2014-08-12 18:08:59,24.75,23.81,537,707
2014-08-12 18:09:00,24.75,23.81,535,707
2014-08-12 18:09:01,24.75,23.81,536,707
2014-08-12 18:09:02,24.75,23.81,538,707
2014-08-12 18:09:03,24.75,23.81,539,707
2014-08-12 18:09:04,24.75,23.81,535,707
2014-08-12 18:09:06,24.75,23.81,535,707
2014-08-12 18:09:07,24.75,23.81,535,707
2014-08-12 18:09:08,24.75,23.81,535,707
2014-08-12 18:09:09,24.75,23.81,534,707
2014-08-12 18:09:10,24.75,23.81,535,707
2014-08-12 18:09:11,24.75,23.81,536,707
2014-08-12 18:09:13,24.75,23.81,535,707
2014-08-12 18:09:14,24.75,23.83,536,707
2014-08-12 18:09:15,24.75,23.83,538,707
2014-08-12 18:09:16,24.75,23.88,533,707
2014-08-12 18:09:17,24.75,23.90,524,707
2014-08-12 18:09:18,24.75,23.90,524,707
2014-08-12 18:09:20,24.75,23.90,544,707
2014-08-12 18:09:21,24.75,23.90,552,707
2014-08-12 18:09:22,24.75,23.90,552,707
2014-08-12 18:09:23,24.75,23.90,552,707
2014-08-12 18:09:24,24.75,23.90,552,707
2014-08-12 18:09:25,24.75,23.90,553,707
2014-08-12 18:09:27,24.75,23.90,553,707
2014-08-12 18:09:28,24.75,23.90,553,707
2014-08-12 18:09:29,24.75,23.90,552,707
2014-08-12 18:09:30,24.75,23.90,552,707
2014-08-12 18:09:31,24.75,23.90,553,707
2014-08-12 18:09:32,24.75,23.90,553,707
2014-08-12 18:09:34,24.75,23.90,553,708
2014-08-12 18:09:35,24.75,23.90,530,707
2014-08-12 18:09:36,24.75,23.90,545,707
2014-08-12 18:09:37,24.75,23.90,546,707
2014-08-12 18:09:38,24.75,23.90,533,707
2014-08-12 18:09:39,24.75,23.90,539,707
2014-08-12 18:09:41,24.75,23.90,534,707
2014-08-12 18:09:42,24.75,23.90,532,707
2014-08-12 18:09:43,24.75,23.90,533,707
2014-08-12 18:09:44,24.75,23.90,527,707
2014-08-12 18:09:45,24.75,23.90,520,707
2014-08-12 18:09:46,24.75,23.90,519,707
2014-08-12 18:09:48,24.75,23.90,519,707
2014-08-12 18:09:49,24.75,23.90,519,707
2014-08-12 18:09:50,24.75,23.90,519,707
2014-08-12 18:09:51,24.75,23.90,519,707
2014-08-12 18:09:52,24.75,23.90,508,707
2014-08-12 18:09:53,24.75,23.18,507,707
2014-08-12 18:09:55,24.75,21.60,510,707
2014-08-12 18:09:56,24.75,20.43,530,707
2014-08-12 18:09:57,24.75,19.59,538,707
2014-08-12 18:09:58,24.75,19.05,547,707
2014-08-12 18:09:59,24.75,18.71,552,707
2014-08-12 18:10:00,24.75,18.54,546,707
2014-08-12 18:10:02,24.75,18.36,547,707
2014-08-12 18:10:03,24.75,18.28,545,707
2014-08-12 18:10:04,24.75,18.19,545,707
2014-08-12 18:10:05,24.75,18.04,546,707
2014-08-12 18:10:06,24.75,17.93,546,707
2014-08-12 18:10:07,24.75,17.76,545,707
2014-08-12 18:10:09,24.75,17.61,539,707
2014-08-12 18:10:10,24.75,17.47,540,707
2014-08-12 18:10:11,24.75,17.31,541,707
2014-08-12 18:10:12,24.75,17.24,540,707
2014-08-12 18:10:13,24.75,17.16,539,707
2014-08-12 18:10:14,24.75,17.07,540,707
2014-08-12 18:10:16,24.75,16.99,540,707
2014-08-12 18:10:17,24.75,16.92,540,707
2014-08-12 18:10:18,24.75,16.90,545,707
2014-08-12 18:10:19,24.75,16.81,551,707
2014-08-12 18:10:20,24.75,16.81,552,707
2014-08-12 18:10:21,24.75,16.74,554,707
2014-08-12 18:10:23,24.75,16.73,554,707
2014-08-12 18:10:24,24.75,16.73,554,707
2014-08-12 18:10:25,24.75,16.66,550,707
2014-08-12 18:10:26,24.75,16.64,559,707
2014-08-12 18:10:27,24.75,16.64,555,707
2014-08-12 18:10:28,24.75,16.57,556,707
2014-08-12 18:10:30,24.75,16.56,556,707
2014-08-12 18:10:31,24.75,16.49,561,707
2014-08-12 18:10:32,24.75,16.47,547,707
2014-08-12 18:10:33,24.75,16.40,541,707
2014-08-12 18:10:34,24.75,16.38,540,707
2014-08-12 18:10:36,24.75,16.31,541,707
2014-08-12 18:10:37,24.75,16.30,542,707
2014-08-12 18:10:38,24.75,16.23,558,707
2014-08-12 18:10:39,24.75,16.21,559,707
2014-08-12 18:10:40,24.75,16.14,560,707
2014-08-12 18:10:41,24.75,16.12,560,707
2014-08-12 18:10:43,24.75,16.12,560,707
2014-08-12 18:10:44,24.75,16.05,561,707
2014-08-12 18:10:45,24.75,16.04,561,707
2014-08-12 18:10:46,24.75,16.04,561,707
2014-08-12 18:10:47,24.75,15.97,561,707
2014-08-12 18:10:48,24.75,15.95,561,707
2014-08-12 18:10:50,24.75,15.95,561,707
2014-08-12 18:10:51,24.75,15.88,547,707
2014-08-12 18:10:52,24.75,15.88,542,707
2014-08-12 18:10:53,24.75,15.86,542,707
2014-08-12 18:10:54,24.75,15.86,543,707
2014-08-12 18:10:55,24.75,15.80,544,707
2014-08-12 18:10:57,24.75,15.78,544,708
2014-08-12 18:10:58,24.75,15.78,532,707
2014-08-12 18:10:59,24.75,15.78,546,707
2014-08-12 18:11:00,24.75,15.73,561,707
2014-08-12 18:11:01,24.75,15.71,561,707
2014-08-12 18:11:02,24.75,15.71,565,707
2014-08-12 18:11:04,24.75,15.71,560,707
2014-08-12 18:11:05,24.75,15.69,546,707
2014-08-12 18:11:06,24.75,15.69,562,707
2014-08-12 18:11:07,24.75,15.69,557,707
2014-08-12 18:11:08,24.75,15.67,557,707
2014-08-12 18:11:09,24.75,15.62,550,707
2014-08-12 18:11:11,24.75,15.62,542,707
2014-08-12 18:11:12,24.75,15.62,542,707
2014-08-12 18:11:13,24.75,15.62,551,707
2014-08-12 18:11:14,24.75,15.61,549,707
2014-08-12 18:11:15,24.75,15.61,547,707
2014-08-12 18:11:16,24.75,15.61,547,707
2014-08-12 18:11:18,24.75,15.61,549,707
2014-08-12 18:11:19,24.75,15.61,548,707
2014-08-12 18:11:20,24.75,15.61,550,707
2014-08-12 18:11:21,24.75,15.61,552,707
2014-08-12 18:11:22,24.75,15.54,554,707
2014-08-12 18:11:23,24.75,15.54,553,707
2014-08-12 18:11:25,24.75,15.54,553,707
2014-08-12 18:11:26,24.75,15.54,550,707
2014-08-12 18:11:27,24.75,15.54,555,707
2014-08-12 18:11:28,24.75,15.52,552,707
2014-08-12 18:11:29,24.75,15.52,553,707
2014-08-12 18:11:30,24.75,15.52,552,707
2014-08-12 18:11:32,24.75,15.52,551,707
2014-08-12 18:11:33,24.75,15.52,552,707
2014-08-12 18:11:34,24.75,15.45,551,707
2014-08-12 18:11:35,24.75,15.45,551,707
2014-08-12 18:11:36,24.75,15.45,552,707
2014-08-12 18:11:37,24.75,15.45,552,707
2014-08-12 18:11:39,24.75,15.45,552,707
2014-08-12 18:11:40,24.75,15.43,553,707
2014-08-12 18:11:41,24.75,15.43,552,707
2014-08-12 18:11:42,24.75,15.43,552,707
2014-08-12 18:11:43,24.75,15.43,551,707
2014-08-12 18:11:44,24.75,15.43,551,707
2014-08-12 18:11:46,24.75,15.43,552,707
2014-08-12 18:11:47,24.75,15.36,551,707
2014-08-12 18:11:48,24.75,15.36,551,707
2014-08-12 18:11:49,24.75,15.36,551,707
2014-08-12 18:11:50,24.75,15.36,551,707
2014-08-12 18:11:51,24.75,15.36,551,707
2014-08-12 18:11:53,24.75,15.36,551,707
2014-08-12 18:11:54,24.75,15.36,543,707
2014-08-12 18:11:55,24.75,15.36,562,707
2014-08-12 18:11:56,24.75,15.36,567,707
2014-08-12 18:11:57,24.75,15.36,571,707
2014-08-12 18:11:58,24.75,15.35,570,707
2014-08-12 18:12:00,24.75,15.35,570,707
2014-08-12 18:12:01,24.75,15.35,571,707
2014-08-12 18:12:02,24.75,15.35,571,707
2014-08-12 18:12:03,24.75,15.35,571,707
2014-08-12 18:12:04,24.75,15.35,571,707
2014-08-12 18:12:05,24.75,15.35,571,707
2014-08-12 18:12:07,24.75,15.35,569,707
2014-08-12 18:12:08,24.75,15.35,571,707
2014-08-12 18:12:09,24.75,15.35,573,707
2014-08-12 18:12:10,24.75,15.35,574,707
2014-08-12 18:12:11,24.75,15.35,573,707
2014-08-12 18:12:12,24.75,15.35,573,707
2014-08-12 18:12:14,24.75,15.35,573,707
2014-08-12 18:12:15,24.75,15.35,571,707
2014-08-12 18:12:16,24.75,15.35,564,707
2014-08-12 18:12:17,24.75,15.35,545,707
2014-08-12 18:12:18,24.75,15.33,548,707
2014-08-12 18:12:19,24.75,15.35,548,707
2014-08-12 18:12:21,24.75,15.35,546,707
2014-08-12 18:12:22,24.75,15.35,548,707
2014-08-12 18:12:23,24.75,15.35,547,708
2014-08-12 18:12:24,24.75,15.35,547,707
2014-08-12 18:12:25,24.75,15.35,547,707
2014-08-12 18:12:26,24.75,15.35,546,707
2014-08-12 18:12:28,24.75,15.35,547,707
2014-08-12 18:12:29,24.75,15.35,546,707
2014-08-12 18:12:30,24.75,15.35,545,707
2014-08-12 18:12:31,24.75,15.35,544,707
2014-08-12 18:12:32,24.75,15.35,547,707
2014-08-12 18:12:33,24.75,15.35,546,707
2014-08-12 18:12:35,24.75,15.35,546,707
2014-08-12 18:12:36,24.75,15.35,546,707
2014-08-12 18:12:37,24.75,15.35,547,707
2014-08-12 18:12:38,24.75,15.35,546,707
2014-08-12 18:12:39,24.75,15.35,542,707
2014-08-12 18:12:40,24.75,15.35,544,707
2014-08-12 18:12:42,24.75,15.35,543,707
2014-08-12 18:12:43,24.75,15.33,543,707
2014-08-12 18:12:44,24.75,15.28,546,707
2014-08-12 18:12:45,24.75,15.35,546,707
2014-08-12 18:12:46,24.75,15.35,560,707
2014-08-12 18:12:48,24.75,15.36,563,707
2014-08-12 18:12:49,24.75,15.38,563,707
2014-08-12 18:12:50,24.75,15.43,563,707
2014-08-12 18:12:51,24.75,15.43,563,707
2014-08-12 18:12:52,24.75,15.36,563,707
2014-08-12 18:12:53,24.75,15.36,562,707
2014-08-12 18:12:55,24.75,15.36,561,707
2014-08-12 18:12:56,24.75,15.36,545,707
2014-08-12 18:12:57,24.75,15.35,561,707
2014-08-12 18:12:58,24.75,15.35,566,707
2014-08-12 18:12:59,24.75,15.35,572,707
2014-08-12 18:13:00,24.75,15.35,573,707
2014-08-12 18:13:02,24.75,15.35,573,707
2014-08-12 18:13:03,24.75,15.35,572,707
2014-08-12 18:13:04,24.75,15.35,573,707
2014-08-12 18:13:05,24.75,15.35,573,707
2014-08-12 18:13:06,24.75,15.35,572,707
2014-08-12 18:13:07,24.75,15.35,572,707
2014-08-12 18:13:09,24.75,15.35,572,707
2014-08-12 18:13:10,24.75,15.35,572,707
2014-08-12 18:13:11,24.75,15.35,572,707
2014-08-12 18:13:12,24.75,15.35,572,707
2014-08-12 18:13:13,24.75,15.35,572,707
2014-08-12 18:13:14,24.75,15.35,572,707
2014-08-12 18:13:16,24.75,15.35,572,707
2014-08-12 18:13:17,24.75,15.35,572,707
2014-08-12 18:13:18,24.75,15.31,572,707
2014-08-12 18:13:19,24.75,15.28,572,707
2014-08-12 18:13:20,24.75,15.28,571,707
2014-08-12 18:13:21,24.75,15.28,566,707
2014-08-12 18:13:23,24.75,15.28,562,707
2014-08-12 18:13:24,24.75,15.28,561,707
2014-08-12 18:13:25,24.75,15.28,555,707
2014-08-12 18:13:26,24.75,15.28,549,707
2014-08-12 18:13:27,24.75,15.24,550,707
2014-08-12 18:13:28,24.75,15.28,550,707
2014-08-12 18:13:30,24.75,15.28,560,707
2014-08-12 18:13:31,24.75,15.28,558,707
2014-08-12 18:13:32,24.75,15.28,558,707
2014-08-12 18:13:33,24.75,15.29,558,707
2014-08-12 18:13:34,24.75,15.33,558,707
2014-08-12 18:13:35,24.75,15.35,558,707
2014-08-12 18:13:37,24.75,15.35,558,707
2014-08-12 18:13:38,24.75,15.35,558,707
2014-08-12 18:13:39,24.75,15.35,558,707
2014-08-12 18:13:40,24.75,15.35,558,707
2014-08-12 18:13:41,24.75,15.35,558,707
2014-08-12 18:13:42,24.75,15.35,558,707
2014-08-12 18:13:44,24.75,15.35,558,707
2014-08-12 18:13:45,24.75,15.35,558,707
2014-08-12 18:13:46,24.75,15.35,558,707
2014-08-12 18:13:47,24.75,15.35,558,707
2014-08-12 18:13:48,24.75,15.35,558,707
2014-08-12 18:13:49,24.75,15.35,558,707
2014-08-12 18:13:51,24.75,15.35,558,707
2014-08-12 18:13:52,24.75,15.35,558,707
2014-08-12 18:13:53,24.75,15.35,558,707
2014-08-12 18:13:54,24.75,15.35,558,707
2014-08-12 18:13:55,24.75,15.35,551,707
2014-08-12 18:13:56,24.75,15.35,550,707
2014-08-12 18:13:58,24.75,15.35,550,707
2014-08-12 18:13:59,24.75,15.35,550,707
2014-08-12 18:14:00,24.75,15.35,564,707
2014-08-12 18:14:01,24.75,15.35,564,707
2014-08-12 18:14:02,24.75,15.35,563,707
2014-08-12 18:14:03,24.75,15.35,563,707
2014-08-12 18:14:05,24.75,15.36,564,707
2014-08-12 18:14:06,24.75,15.36,564,707
2014-08-12 18:14:07,24.75,15.36,563,707
2014-08-12 18:14:08,24.75,15.36,564,707
2014-08-12 18:14:09,24.75,15.36,564,707
2014-08-12 18:14:10,24.75,15.36,563,707
2014-08-12 18:14:12,24.75,15.36,563,707
2014-08-12 18:14:13,24.75,15.36,563,707
2014-08-12 18:14:14,24.75,15.36,562,707
2014-08-12 18:14:15,24.75,15.36,562,707
2014-08-12 18:14:16,24.75,15.36,562,707
2014-08-12 18:14:17,24.75,15.36,562,707
2014-08-12 18:14:19,24.75,15.36,562,707
2014-08-12 18:14:20,24.75,15.36,555,707
2014-08-12 18:14:21,24.75,15.36,551,707
2014-08-12 18:14:22,24.75,15.36,562,707
2014-08-12 18:14:23,24.75,15.40,560,707
2014-08-12 18:14:24,24.75,15.43,551,707
2014-08-12 18:14:26,24.75,15.43,556,707
2014-08-12 18:14:27,24.75,15.43,555,707
2014-08-12 18:14:28,24.75,15.43,555,707
2014-08-12 18:14:29,24.75,15.43,551,707
2014-08-12 18:14:30,24.75,15.43,545,707
2014-08-12 18:14:31,24.75,15.43,539,707
2014-08-12 18:14:33,24.75,15.43,543,707
2014-08-12 18:14:34,24.75,15.43,544,707
2014-08-12 18:14:35,24.75,15.43,543,707
2014-08-12 18:14:36,24.75,15.43,543,707
2014-08-12 18:14:37,24.75,15.43,541,707
2014-08-12 18:14:38,24.75,15.43,542,707
2014-08-12 18:14:40,24.75,15.43,541,707
2014-08-12 18:14:41,24.75,15.43,543,707
2014-08-12 18:14:42,24.75,15.43,541,707
2014-08-12 18:14:43,24.75,15.43,536,707
2014-08-12 18:14:44,24.75,15.45,523,707
2014-08-12 18:14:45,24.75,15.45,519,707
2014-08-12 18:14:47,24.75,15.45,517,707
2014-08-12 18:14:48,24.75,15.45,514,707
2014-08-12 18:14:49,24.75,15.45,512,707
2014-08-12 18:14:50,24.75,15.45,511,707
2014-08-12 18:14:51,24.75,15.45,512,707
2014-08-12 18:14:52,24.75,15.52,528,707
2014-08-12 18:14:54,24.75,16.47,525,707
2014-08-12 18:14:55,24.75,17.80,519,707
2014-08-12 18:14:56,24.75,18.78,513,707
2014-08-12 18:14:57,24.75,19.40,511,707
2014-08-12 18:14:58,24.75,19.83,530,707
2014-08-12 18:14:59,24.75,20.09,549,707
2014-08-12 18:15:01,24.75,20.27,560,707
2014-08-12 18:15:02,24.75,20.43,556,707
2014-08-12 18:15:03,24.75,20.52,555,707
2014-08-12 18:15:04,24.75,20.60,556,707
2014-08-12 18:15:05,24.75,20.60,555,707
2014-08-12 18:15:07,24.75,20.69,555,707
2014-08-12 18:15:08,24.75,20.69,555,707
2014-08-12 18:15:09,24.75,20.78,554,707
2014-08-12 18:15:10,24.75,20.86,556,707
2014-08-12 18:15:11,24.75,20.95,556,707
2014-08-12 18:15:12,24.75,21.03,556,707
2014-08-12 18:15:14,24.75,21.12,556,707
2014-08-12 18:15:15,24.75,21.21,556,707
2014-08-12 18:15:16,24.75,21.31,556,707
2014-08-12 18:15:17,24.75,21.47,556,707
2014-08-12 18:15:18,24.75,21.55,557,707
2014-08-12 18:15:19,24.75,21.64,557,707
2014-08-12 18:15:21,24.75,21.64,558,707
2014-08-12 18:15:22,24.75,21.73,552,707
2014-08-12 18:15:23,24.75,21.73,547,707
2014-08-12 18:15:24,24.75,21.73,542,707
2014-08-12 18:15:25,24.75,21.81,552,707
2014-08-12 18:15:26,24.75,21.81,563,707
2014-08-12 18:15:28,24.75,21.81,555,707
2014-08-12 18:15:29,24.75,21.81,542,707
2014-08-12 18:15:30,24.75,21.90,544,707
2014-08-12 18:15:31,24.75,21.81,550,707
2014-08-12 18:15:32,24.75,21.90,550,707
2014-08-12 18:15:33,24.75,21.99,547,707
2014-08-12 18:15:35,24.75,21.99,549,707
2014-08-12 18:15:36,24.75,22.07,549,707
2014-08-12 18:15:37,24.75,22.07,549,707
2014-08-12 18:15:38,24.75,22.16,548,707
2014-08-12 18:15:39,24.75,22.16,548,707
2014-08-12 18:15:40,24.75,22.21,549,707
2014-08-12 18:15:42,24.75,22.25,548,707
2014-08-12 18:15:43,24.75,22.25,548,707
2014-08-12 18:15:44,24.75,22.33,548,707
2014-08-12 18:15:45,24.75,22.33,548,707
2014-08-12 18:15:46,24.75,22.35,548,707
2014-08-12 18:15:47,24.75,22.42,548,707
2014-08-12 18:15:49,24.75,22.42,548,707
2014-08-12 18:15:50,24.75,22.51,548,707
2014-08-12 18:15:51,24.75,22.51,548,707
2014-08-12 18:15:52,24.75,22.51,548,707
2014-08-12 18:15:53,24.75,22.52,547,707
2014-08-12 18:15:54,24.75,22.59,547,707
2014-08-12 18:15:56,24.75,22.59,547,707
2014-08-12 18:15:57,24.75,22.59,547,707
2014-08-12 18:15:58,24.75,22.68,547,707
2014-08-12 18:15:59,24.75,22.68,547,707
2014-08-12 18:16:00,24.75,22.68,547,707
2014-08-12 18:16:01,24.75,22.68,547,707
2014-08-12 18:16:03,24.75,22.77,547,707
2014-08-12 18:16:04,24.75,22.77,547,707
2014-08-12 18:16:05,24.75,22.77,547,707
2014-08-12 18:16:06,24.75,22.77,547,707
2014-08-12 18:16:07,24.75,22.85,547,707
2014-08-12 18:16:08,24.75,22.85,547,707
2014-08-12 18:16:10,24.75,22.85,554,707
2014-08-12 18:16:11,24.75,22.85,553,707
2014-08-12 18:16:12,24.75,22.85,547,707
2014-08-12 18:16:13,24.75,22.94,554,707
2014-08-12 18:16:14,24.75,22.94,552,707
2014-08-12 18:16:15,24.75,22.94,548,707
2014-08-12 18:16:17,24.75,22.94,557,707
2014-08-12 18:16:18,24.75,22.94,556,707
2014-08-12 18:16:19,24.75,23.01,556,707
2014-08-12 18:16:20,24.75,23.03,549,707
2014-08-12 18:16:21,24.75,23.03,545,707
2014-08-12 18:16:22,24.75,23.03,551,707
2014-08-12 18:16:24,24.75,23.03,551,707
2014-08-12 18:16:25,24.75,23.03,551,707
2014-08-12 18:16:26,24.75,23.11,551,707
2014-08-12 18:16:27,24.75,23.11,551,707
2014-08-12 18:16:28,24.75,23.11,551,707
2014-08-12 18:16:29,24.75,23.11,551,707
2014-08-12 18:16:31,24.75,23.11,551,707
2014-08-12 18:16:32,24.75,23.11,551,707
2014-08-12 18:16:33,24.75,23.11,551,707
2014-08-12 18:16:34,24.75,23.18,551,707
2014-08-12 18:16:35,24.75,23.20,551,707
2014-08-12 18:16:36,24.75,23.20,546,707
2014-08-12 18:16:38,24.75,23.20,546,707
2014-08-12 18:16:39,24.75,23.20,548,707
2014-08-12 18:16:40,24.75,23.20,549,707
2014-08-12 18:16:41,24.75,23.20,549,707
2014-08-12 18:16:42,24.75,23.20,548,707
2014-08-12 18:16:43,24.75,23.20,548,707
2014-08-12 18:16:45,24.75,23.20,548,707
2014-08-12 18:16:46,24.75,23.29,548,707
2014-08-12 18:16:47,24.75,23.29,548,707
2014-08-12 18:16:48,24.75,23.29,548,707
2014-08-12 18:16:49,24.75,23.29,548,707
2014-08-12 18:16:50,24.75,23.29,548,707
2014-08-12 18:16:52,24.75,23.29,548,707
2014-08-12 18:16:53,24.75,23.29,548,707
2014-08-12 18:16:54,24.75,23.29,561,707
2014-08-12 18:16:55,24.75,23.29,565,707
2014-08-12 18:16:56,24.75,23.38,566,707
2014-08-12 18:16:57,24.75,23.38,552,707
2014-08-12 18:16:59,24.75,23.38,556,707
2014-08-12 18:17:00,24.75,23.38,561,707
2014-08-12 18:17:01,24.75,23.38,563,707
2014-08-12 18:17:02,24.75,23.38,569,707
2014-08-12 18:17:03,24.75,23.38,568,707
2014-08-12 18:17:04,24.75,23.38,564,707
2014-08-12 18:17:06,24.75,23.38,561,707
2014-08-12 18:17:07,24.75,23.38,557,707
2014-08-12 18:17:08,24.75,23.38,562,707
2014-08-12 18:17:09,24.75,23.38,569,707
2014-08-12 18:17:10,24.75,23.46,569,707
2014-08-12 18:17:11,24.75,23.46,569,707
2014-08-12 18:17:13,24.75,23.46,569,707
2014-08-12 18:17:14,24.75,23.46,569,707
2014-08-12 18:17:15,24.75,23.46,569,707
2014-08-12 18:17:16,24.75,23.46,569,707
2014-08-12 18:17:17,24.75,23.46,568,707
2014-08-12 18:17:19,24.75,23.46,568,707
2014-08-12 18:17:20,24.75,23.46,568,707
2014-08-12 18:17:21,24.75,23.46,568,707
2014-08-12 18:17:22,24.75,23.46,569,707
2014-08-12 18:17:23,24.75,23.46,568,707
2014-08-12 18:17:24,24.75,23.46,569,707
2014-08-12 18:17:26,24.75,23.46,569,707
2014-08-12 18:17:27,24.75,23.46,569,707
2014-08-12 18:17:28,24.75,23.46,569,707
2014-08-12 18:17:29,24.75,23.46,569,707
2014-08-12 18:17:30,24.75,23.48,569,707
2014-08-12 18:17:31,24.75,23.55,569,707
2014-08-12 18:17:33,24.75,23.55,568,707
2014-08-12 18:17:34,24.75,23.55,568,707
2014-08-12 18:17:35,24.75,23.55,568,707
2014-08-12 18:17:36,24.75,23.55,568,707
2014-08-12 18:17:37,24.75,23.55,568,707
2014-08-12 18:17:38,24.75,23.55,568,707
2014-08-12 18:17:40,24.75,23.55,568,707
2014-08-12 18:17:41,24.75,23.55,568,707
2014-08-12 18:17:42,24.75,23.55,567,707
2014-08-12 18:17:43,24.75,23.55,558,707
2014-08-12 18:17:44,24.75,23.55,546,707
2014-08-12 18:17:45,24.75,23.55,546,707
2014-08-12 18:17:47,24.75,23.55,547,707
2014-08-12 18:17:48,24.75,23.55,546,707
2014-08-12 18:17:49,24.75,23.55,546,707
2014-08-12 18:17:50,24.75,23.55,546,707
2014-08-12 18:17:51,24.75,23.55,546,707
2014-08-12 18:17:52,24.75,23.55,546,707
2014-08-12 18:17:54,24.75,23.55,545,707
2014-08-12 18:17:55,24.75,23.55,535,707
2014-08-12 18:17:56,24.75,23.55,545,707
2014-08-12 18:17:57,24.75,23.55,558,707
2014-08-12 18:17:58,24.75,23.55,560,707
2014-08-12 18:17:59,24.75,23.55,562,707
2014-08-12 18:18:01,24.75,23.55,563,707
2014-08-12 18:18:02,24.75,23.55,562,707
2014-08-12 18:18:03,24.75,23.55,563,707
2014-08-12 18:18:04,24.75,23.55,561,707
2014-08-12 18:18:05,24.75,23.58,540,707
2014-08-12 18:18:06,24.75,23.64,549,707
2014-08-12 18:18:08,24.75,23.64,563,707
2014-08-12 18:18:09,24.75,23.64,565,707
2014-08-12 18:18:10,24.75,23.64,565,707
2014-08-12 18:18:11,24.75,23.64,564,707
2014-08-12 18:18:12,24.75,23.64,563,707
2014-08-12 18:18:13,24.75,23.64,556,707
2014-08-12 18:18:15,24.75,23.64,556,707
2014-08-12 18:18:16,24.75,23.64,556,707
2014-08-12 18:18:17,24.75,23.64,554,707
2014-08-12 18:18:18,24.75,23.64,557,707
2014-08-12 18:18:19,24.75,23.64,557,707
2014-08-12 18:18:20,24.75,23.64,555,707
2014-08-12 18:18:22,24.75,23.64,555,707
2014-08-12 18:18:23,24.75,23.64,554,707
2014-08-12 18:18:24,24.75,23.64,552,707
2014-08-12 18:18:25,24.75,23.64,551,707
2014-08-12 18:18:26,24.75,23.64,553,707
2014-08-12 18:18:27,24.75,23.64,553,707
2014-08-12 18:18:29,24.75,23.64,553,707
2014-08-12 18:18:30,24.75,23.64,544,707
2014-08-12 18:18:31,24.75,23.64,550,707
2014-08-12 18:18:32,24.75,23.64,548,707
2014-08-12 18:18:33,24.75,23.64,548,707
2014-08-12 18:18:34,24.75,23.64,548,707
2014-08-12 18:18:36,24.75,23.64,548,707
2014-08-12 18:18:37,24.75,23.64,548,707
2014-08-12 18:18:38,24.75,23.64,548,707
2014-08-12 18:18:39,24.75,23.64,548,707
2014-08-12 18:18:40,24.75,23.64,548,707
2014-08-12 18:18:41,24.75,23.64,548,707
2014-08-12 18:18:43,24.75,23.64,548,707
2014-08-12 18:18:44,24.75,23.64,548,707
2014-08-12 18:18:45,24.75,23.64,548,707
2014-08-12 18:18:46,24.75,23.64,547,707
2014-08-12 18:18:47,24.75,23.64,547,707
2014-08-12 18:18:48,24.75,23.64,547,707
2014-08-12 18:18:50,24.75,23.64,546,707
2014-08-12 18:18:51,24.75,23.64,546,707
2014-08-12 18:18:52,24.75,23.64,547,707
2014-08-12 18:18:53,24.75,23.64,552,707
2014-08-12 18:18:54,24.75,23.64,561,707
2014-08-12 18:18:55,24.75,23.64,561,707
2014-08-12 18:18:57,24.75,23.64,561,707
2014-08-12 18:18:58,24.75,23.64,561,707
2014-08-12 18:18:59,24.75,23.64,561,707
2014-08-12 18:19:00,24.75,23.64,561,707
2014-08-12 18:19:01,24.75,23.64,561,707
2014-08-12 18:19:02,24.75,23.64,561,707
2014-08-12 18:19:04,24.75,23.64,561,707
2014-08-12 18:19:05,24.75,23.64,561,707
2014-08-12 18:19:06,24.75,23.64,561,707
2014-08-12 18:19:07,24.75,23.64,561,707
2014-08-12 18:19:08,24.75,23.64,561,707
2014-08-12 18:19:09,24.75,23.64,561,707
2014-08-12 18:19:11,24.75,23.64,560,707
2014-08-12 18:19:12,24.75,23.64,561,707
2014-08-12 18:19:13,24.75,23.64,560,707
2014-08-12 18:19:14,24.75,23.64,560,707
2014-08-12 18:19:15,24.75,23.64,560,707
2014-08-12 18:19:16,24.75,23.64,560,707
2014-08-12 18:19:18,24.75,23.64,560,707
2014-08-12 18:19:19,24.75,23.64,560,707
2014-08-12 18:19:20,24.75,23.64,560,707
2014-08-12 18:19:21,24.75,23.64,560,707
2014-08-12 18:19:22,24.75,23.64,560,707
2014-08-12 18:19:23,24.75,23.64,560,707
2014-08-12 18:19:25,24.75,23.64,560,707
2014-08-12 18:19:26,24.75,23.64,560,707
2014-08-12 18:19:27,24.75,23.64,560,707
2014-08-12 18:19:28,24.75,23.64,560,707
2014-08-12 18:19:29,24.75,23.64,560,707
2014-08-12 18:19:31,24.75,23.64,559,707
2014-08-12 18:19:32,24.75,23.64,551,707
2014-08-12 18:19:33,24.75,23.67,540,707
2014-08-12 18:19:34,24.75,23.69,549,707
2014-08-12 18:19:35,24.75,23.72,543,707
2014-08-12 18:19:36,24.75,23.71,540,707
2014-08-12 18:19:38,24.75,23.72,549,707
2014-08-12 18:19:39,24.75,23.72,550,707
2014-08-12 18:19:40,24.75,23.72,541,707
2014-08-12 18:19:41,24.75,23.72,541,707
2014-08-12 18:19:42,24.75,23.72,542,707
2014-08-12 18:19:43,24.75,23.72,537,707
2014-08-12 18:19:45,24.75,23.72,520,707
2014-08-12 18:19:46,24.75,23.72,518,707
2014-08-12 18:19:47,24.75,23.72,518,707
2014-08-12 18:19:48,24.75,23.72,518,707
2014-08-12 18:19:49,24.75,23.72,517,707
2014-08-12 18:19:50,24.75,23.72,517,707
2014-08-12 18:19:52,24.75,23.72,519,707
2014-08-12 18:19:53,24.75,23.72,511,707
2014-08-12 18:19:54,24.75,23.64,503,707
2014-08-12 18:19:55,24.75,22.44,500,707
2014-08-12 18:19:56,24.75,21.14,497,707
2014-08-12 18:19:57,24.75,20.19,494,707
2014-08-12 18:19:59,24.75,19.48,535,707
2014-08-12 18:20:00,24.75,19.05,537,707
2014-08-12 18:20:01,24.75,18.79,539,707
2014-08-12 18:20:02,24.75,18.62,538,707
2014-08-12 18:20:03,24.75,18.47,542,707
2014-08-12 18:20:04,24.75,18.38,542,707
2014-08-12 18:20:06,24.75,18.36,541,707
2014-08-12 18:20:07,24.75,18.28,523,707
2014-08-12 18:20:08,24.75,18.21,551,707
2014-08-12 18:20:09,24.75,18.19,550,707
2014-08-12 18:20:10,24.75,18.12,550,707
2014-08-12 18:20:11,24.75,18.11,550,707
2014-08-12 18:20:13,24.75,18.04,550,707
2014-08-12 18:20:14,24.75,18.02,549,707
2014-08-12 18:20:15,24.75,17.95,550,707
2014-08-12 18:20:16,24.75,17.93,549,707
2014-08-12 18:20:17,24.75,17.85,549,707
2014-08-12 18:20:18,24.75,17.85,549,707
2014-08-12 18:20:20,24.75,17.78,526,707
2014-08-12 18:20:21,24.75,17.76,552,707
2014-08-12 18:20:22,24.75,17.69,552,707
2014-08-12 18:20:23,24.75,17.67,562,707
2014-08-12 18:20:24,24.75,17.61,561,707
2014-08-12 18:20:25,24.75,17.59,556,707
2014-08-12 18:20:27,24.75,17.55,548,707
2014-08-12 18:20:28,24.75,17.50,542,707
2014-08-12 18:20:29,24.75,17.43,542,707
2014-08-12 18:20:30,24.75,17.42,541,707
2014-08-12 18:20:31,24.75,17.42,542,707
2014-08-12 18:20:32,24.75,17.33,542,707
2014-08-12 18:20:34,24.75,17.33,542,707
2014-08-12 18:20:35,24.75,17.26,542,707
2014-08-12 18:20:36,24.75,17.24,542,707
2014-08-12 18:20:37,24.75,17.24,542,707
2014-08-12 18:20:38,24.75,17.18,542,707
2014-08-12 18:20:39,24.75,17.18,542,707
2014-08-12 18:20:41,24.75,17.16,542,707
2014-08-12 18:20:42,24.75,17.16,541,707
2014-08-12 18:20:43,24.75,17.16,541,707
2014-08-12 18:20:44,24.75,17.16,541,707
2014-08-12 18:20:45,24.75,17.09,541,707
2014-08-12 18:20:46,24.75,17.09,541,707
2014-08-12 18:20:48,24.75,17.09,541,707
2014-08-12 18:20:49,24.75,17.07,541,707
2014-08-12 18:20:50,24.75,17.07,541,707
2014-08-12 18:20:51,24.75,17.07,541,707
2014-08-12 18:20:52,24.75,17.07,524,707
2014-08-12 18:20:53,24.75,17.00,548,707
2014-08-12 18:20:55,24.75,17.00,522,707
2014-08-12 18:20:56,24.75,16.99,522,707
2014-08-12 18:20:57,24.75,16.99,523,707
2014-08-12 18:20:58,24.75,16.99,522,707
2014-08-12 18:20:59,24.75,16.99,522,707
2014-08-12 18:21:00,24.75,16.92,539,707
2014-08-12 18:21:02,24.75,16.92,545,707
2014-08-12 18:21:03,24.75,16.92,549,707
2014-08-12 18:21:04,24.75,16.90,549,707
2014-08-12 18:21:05,24.75,16.90,549,707
2014-08-12 18:21:06,24.75,16.90,549,707
2014-08-12 18:21:07,24.75,16.90,549,707
2014-08-12 18:21:09,24.75,16.90,549,707
2014-08-12 18:21:10,24.75,16.83,549,707
2014-08-12 18:21:11,24.75,16.83,549,707
2014-08-12 18:21:12,24.75,16.83,548,707
2014-08-12 18:21:13,24.75,16.83,548,707
2014-08-12 18:21:14,24.75,16.81,548,707
2014-08-12 18:21:16,24.75,16.81,548,707
2014-08-12 18:21:17,24.75,16.81,548,707
2014-08-12 18:21:18,24.75,16.81,548,707
2014-08-12 18:21:19,24.75,16.81,547,707
2014-08-12 18:21:20,24.75,16.81,547,707
2014-08-12 18:21:21,24.75,16.81,547,707
2014-08-12 18:21:23,24.75,16.81,547,707
2014-08-12 18:21:24,24.75,16.81,541,707
2014-08-12 18:21:25,24.75,16.80,529,707
2014-08-12 18:21:26,24.75,16.74,535,707
2014-08-12 18:21:27,24.75,16.74,536,707
2014-08-12 18:21:28,24.75,16.74,542,707
2014-08-12 18:21:30,24.75,16.74,522,707
2014-08-12 18:21:31,24.75,16.74,529,707
2014-08-12 18:21:32,24.75,16.74,529,707
2014-08-12 18:21:33,24.75,16.74,528,707
2014-08-12 18:21:34,24.75,16.73,539,707
2014-08-12 18:21:35,24.75,16.73,541,707
2014-08-12 18:21:37,24.75,16.73,541,707
2014-08-12 18:21:38,24.75,16.73,541,707
2014-08-12 18:21:39,24.75,16.73,541,707
2014-08-12 18:21:40,24.75,16.73,541,707
2014-08-12 18:21:41,24.75,16.73,538,707
2014-08-12 18:21:42,24.75,16.73,538,707
2014-08-12 18:21:44,24.75,16.73,539,707
2014-08-12 18:21:45,24.75,16.73,539,707
2014-08-12 18:21:46,24.75,16.73,537,707
2014-08-12 18:21:47,24.75,16.73,536,707
2014-08-12 18:21:48,24.75,16.73,536,707
2014-08-12 18:21:50,24.75,16.73,536,707
2014-08-12 18:21:51,24.75,16.69,536,707
2014-08-12 18:21:52,24.75,16.66,536,707
2014-08-12 18:21:53,24.75,16.66,536,707
2014-08-12 18:21:54,24.75,16.66,528,707
2014-08-12 18:21:55,24.75,16.66,537,707
2014-08-12 18:21:57,24.75,16.66,545,707
2014-08-12 18:21:58,24.75,16.66,545,707
2014-08-12 18:21:59,24.75,16.66,545,707
2014-08-12 18:22:00,24.75,16.66,545,707
2014-08-12 18:22:01,24.75,16.64,545,707
2014-08-12 18:22:02,24.75,16.64,509,707
2014-08-12 18:22:04,24.75,16.64,542,707
2014-08-12 18:22:05,24.75,16.64,556,707
2014-08-12 18:22:06,24.75,16.64,558,707
2014-08-12 18:22:07,24.75,16.64,544,707
2014-08-12 18:22:08,24.75,16.64,530,707
2014-08-12 18:22:09,24.75,16.64,531,707
2014-08-12 18:22:11,24.75,16.64,534,707
2014-08-12 18:22:12,24.75,16.64,537,707
2014-08-12 18:22:13,24.75,16.64,537,707
2014-08-12 18:22:14,24.75,16.64,537,707
2014-08-12 18:22:15,24.75,16.64,536,707
2014-08-12 18:22:16,24.75,16.64,536,707
2014-08-12 18:22:18,24.75,16.64,528,707
2014-08-12 18:22:19,24.75,16.64,537,707
2014-08-12 18:22:20,24.75,16.64,529,707
2014-08-12 18:22:21,24.75,16.64,528,707
2014-08-12 18:22:22,24.75,16.64,528,707
2014-08-12 18:22:23,24.75,16.64,528,707
2014-08-12 18:22:25,24.75,16.64,527,707
2014-08-12 18:22:26,24.75,16.64,528,707
2014-08-12 18:22:27,24.75,16.64,522,707
2014-08-12 18:22:28,24.75,16.64,543,707
2014-08-12 18:22:29,24.75,16.64,512,707
2014-08-12 18:22:30,24.75,16.64,526,707
2014-08-12 18:22:32,24.75,16.64,515,707
2014-08-12 18:22:33,24.75,16.64,524,707
2014-08-12 18:22:34,24.75,16.64,530,707
2014-08-12 18:22:35,24.75,16.64,530,707
2014-08-12 18:22:36,24.75,16.64,531,707
2014-08-12 18:22:37,24.75,16.64,530,707
2014-08-12 18:22:39,24.75,16.64,530,707
2014-08-12 18:22:40,24.75,16.64,531,707
2014-08-12 18:22:41,24.75,16.64,528,707
2014-08-12 18:22:42,24.75,16.64,528,707
2014-08-12 18:22:43,24.75,16.64,533,707
2014-08-12 18:22:44,24.75,16.64,532,707
2014-08-12 18:22:46,24.75,16.64,532,707
2014-08-12 18:22:47,24.75,16.64,532,707
2014-08-12 18:22:48,24.75,16.64,531,707
2014-08-12 18:22:49,24.75,16.64,531,707
2014-08-12 18:22:50,24.75,16.64,531,707
2014-08-12 18:22:51,24.75,16.64,532,707
2014-08-12 18:22:53,24.75,16.64,528,707
2014-08-12 18:22:54,24.75,16.64,530,707
2014-08-12 18:22:55,24.75,16.64,530,707
2014-08-12 18:22:56,24.75,16.64,529,707
2014-08-12 18:22:57,24.75,16.64,536,707
2014-08-12 18:22:58,24.75,16.64,532,707
2014-08-12 18:23:00,24.75,16.64,528,707
2014-08-12 18:23:01,24.75,16.64,529,707
2014-08-12 18:23:02,24.75,16.64,532,707
2014-08-12 18:23:03,24.75,16.64,530,707
2014-08-12 18:23:04,24.75,16.64,531,707
2014-08-12 18:23:05,24.75,16.64,530,707
2014-08-12 18:23:07,24.75,16.64,530,707
2014-08-12 18:23:08,24.75,16.64,530,707
2014-08-12 18:23:09,24.75,16.64,530,707
2014-08-12 18:23:10,24.75,16.64,531,707
2014-08-12 18:23:11,24.75,16.64,531,707
2014-08-12 18:23:12,24.75,16.64,530,707
2014-08-12 18:23:14,24.75,16.64,529,707
2014-08-12 18:23:15,24.75,16.64,529,707
2014-08-12 18:23:16,24.75,16.64,529,707
2014-08-12 18:23:17,24.75,16.64,529,707
2014-08-12 18:23:18,24.75,16.64,528,707
2014-08-12 18:23:19,24.75,16.64,530,707
2014-08-12 18:23:21,24.75,16.64,532,707
2014-08-12 18:23:22,24.75,16.64,539,707
2014-08-12 18:23:23,24.75,16.64,546,707
2014-08-12 18:23:24,24.75,16.64,556,707
2014-08-12 18:23:25,24.75,16.64,556,707
2014-08-12 18:23:26,24.75,16.64,548,707
2014-08-12 18:23:28,24.75,16.64,537,707
2014-08-12 18:23:29,24.75,16.64,528,707
2014-08-12 18:23:30,24.75,16.64,528,707
2014-08-12 18:23:31,24.75,16.64,532,707
2014-08-12 18:23:32,24.75,16.64,537,707
2014-08-12 18:23:33,24.75,16.64,537,707
2014-08-12 18:23:35,24.75,16.64,538,707
2014-08-12 18:23:36,24.75,16.64,537,707
2014-08-12 18:23:37,24.75,16.64,537,707
2014-08-12 18:23:38,24.75,16.64,537,707
2014-08-12 18:23:39,24.75,16.64,537,707
2014-08-12 18:23:40,24.75,16.64,537,707
2014-08-12 18:23:42,24.75,16.64,538,707
2014-08-12 18:23:43,24.75,16.64,537,707
2014-08-12 18:23:44,24.75,16.64,534,707
2014-08-12 18:23:45,24.75,16.64,537,707
2014-08-12 18:23:46,24.75,16.64,536,707
2014-08-12 18:23:48,24.75,16.64,536,707
2014-08-12 18:23:49,24.75,16.64,536,707
2014-08-12 18:23:50,24.75,16.64,536,707
2014-08-12 18:23:51,24.75,16.64,536,707
2014-08-12 18:23:52,24.75,16.64,537,707
2014-08-12 18:23:53,24.75,16.64,535,707
2014-08-12 18:23:55,24.75,16.64,534,707
2014-08-12 18:23:56,24.75,16.64,535,707
2014-08-12 18:23:57,24.75,16.64,532,707
2014-08-12 18:23:58,24.75,16.64,534,707
2014-08-12 18:23:59,24.75,16.64,533,707
2014-08-12 18:24:00,24.75,16.64,533,707
2014-08-12 18:24:02,24.75,16.64,531,707
2014-08-12 18:24:03,24.75,16.66,511,707
2014-08-12 18:24:04,24.75,16.64,525,707
2014-08-12 18:24:05,24.75,16.66,513,707
2014-08-12 18:24:06,24.75,16.66,514,707
2014-08-12 18:24:07,24.75,16.66,516,707
2014-08-12 18:24:09,24.75,16.66,516,707
2014-08-12 18:24:10,24.75,16.66,518,707
2014-08-12 18:24:11,24.75,16.66,516,707
2014-08-12 18:24:12,24.75,16.66,545,707
2014-08-12 18:24:13,24.75,16.66,545,707
2014-08-12 18:24:14,24.75,16.69,546,707
2014-08-12 18:24:16,24.75,16.73,546,707
2014-08-12 18:24:17,24.75,16.73,545,707
2014-08-12 18:24:18,24.75,16.73,545,707
2014-08-12 18:24:19,24.75,16.73,539,707
2014-08-12 18:24:20,24.75,16.73,531,707
2014-08-12 18:24:21,24.75,16.73,533,707
2014-08-12 18:24:23,24.75,16.73,533,707
2014-08-12 18:24:24,24.75,16.73,534,707
2014-08-12 18:24:25,24.75,16.73,544,707
2014-08-12 18:24:26,24.75,16.73,554,707
2014-08-12 18:24:27,24.75,16.73,553,707
2014-08-12 18:24:28,24.75,16.73,554,707
2014-08-12 18:24:30,24.75,16.73,547,707
2014-08-12 18:24:31,24.75,16.73,541,707
2014-08-12 18:24:32,24.75,16.73,540,707
2014-08-12 18:24:33,24.75,16.73,543,707
2014-08-12 18:24:34,24.75,16.73,543,707
2014-08-12 18:24:35,24.75,16.73,543,707
2014-08-12 18:24:37,24.75,16.73,543,707
2014-08-12 18:24:38,24.75,16.73,543,707
2014-08-12 18:24:39,24.75,16.73,543,707
2014-08-12 18:24:40,24.75,16.73,543,707
2014-08-12 18:24:41,24.75,16.73,543,707
2014-08-12 18:24:42,24.75,16.73,542,707
2014-08-12 18:24:44,24.75,16.73,541,707
2014-08-12 18:24:45,24.75,16.73,540,707
2014-08-12 18:24:46,24.75,16.73,534,707
2014-08-12 18:24:47,24.75,16.73,534,707
2014-08-12 18:24:48,24.75,16.73,534,707
2014-08-12 18:24:49,24.75,16.73,535,707
2014-08-12 18:24:51,24.75,16.74,535,707
2014-08-12 18:24:52,24.75,16.73,535,707
2014-08-12 18:24:53,24.75,16.74,534,707
2014-08-12 18:24:54,24.75,16.74,494,707
