2014-8-8 22:22:59.0,1,2,4355.3193,6957.7294,1.42,288.50,-1.60,10
2014-8-8 22:23:2.0,1,2,4355.3203,6957.7309,1.42,311.48,-1.60,10
2014-8-8 22:23:4.984,1,2,4355.3212,6957.7319,1.42,328.80,-1.60,10
2014-8-8 22:23:8.0,1,2,4355.3222,6957.7319,1.38,353.38,-1.50,10
2014-8-8 22:23:11.0,1,2,4355.3237,6957.7319,1.47,8.78,-1.50,10
2014-8-8 22:23:14.0,1,2,4355.3251,6957.7319,1.45,16.81,-1.70,10
2014-8-8 22:23:16.984,1,2,4355.3261,6957.7309,1.22,19.05,-1.70,10
2014-8-8 22:23:20.0,1,2,4355.3271,6957.7309,1.16,24.21,-1.80,10
2014-8-8 22:23:23.0,1,2,4355.3281,6957.7299,1.10,25.60,-1.90,10
2014-8-8 22:23:26.0,1,2,4355.3286,6957.7294,1.01,29.51,-2.00,10
2014-8-8 22:23:28.984,1,2,4355.3291,6957.7285,0.88,33.11,-2.10,10
2014-8-8 22:23:32.0,1,2,4355.3295,6957.7285,0.82,34.85,-2.20,10
2014-8-8 22:23:35.0,1,2,4355.3300,6957.7280,0.87,35.82,-2.10,10
2014-8-8 22:23:38.0,1,2,4355.3305,6957.7270,0.91,35.24,-2.00,10
2014-8-8 22:23:40.984,1,2,4355.3315,6957.7260,0.85,35.48,-2.00,10
2014-8-8 22:23:44.0,1,2,4355.3320,6957.7255,0.88,35.77,-1.90,10
2014-8-8 22:23:47.0,1,2,4355.3325,6957.7246,0.92,36.44,-1.70,10
2014-8-8 22:23:50.0,1,2,4355.3334,6957.7246,0.91,36.71,-1.70,10
2014-8-8 22:23:52.984,1,2,4355.3339,6957.7236,0.92,37.01,-1.90,10
2014-8-8 22:23:56.0,1,2,4355.3344,6957.7231,0.87,39.53,-2.00,10
2014-8-8 22:23:59.0,1,2,4355.3349,6957.7221,0.87,41.35,-2.00,10
2014-8-8 22:24:2.0,1,2,4355.3359,6957.7211,0.89,42.49,-2.10,10
2014-8-8 22:24:4.984,1,2,4355.3364,6957.7207,0.86,43.86,-2.20,10
2014-8-8 22:24:8.0,1,2,4355.3369,6957.7197,0.77,45.09,-2.20,10
2014-8-8 22:24:11.0,1,2,4355.3369,6957.7197,0.78,44.44,-2.10,10
2014-8-8 22:24:14.0,1,2,4355.3374,6957.7192,0.87,43.34,-2.00,10
2014-8-8 22:24:16.984,1,2,4355.3383,6957.7182,0.83,43.62,-2.00,10
2014-8-8 22:24:20.0,1,2,4355.3388,6957.7172,0.77,43.16,-2.00,10
2014-8-8 22:24:23.0,1,2,4355.3388,6957.7167,0.80,42.32,-2.00,10
2014-8-8 22:24:26.0,1,2,4355.3393,6957.7158,0.90,41.91,-1.90,10
2014-8-8 22:24:28.984,1,2,4355.3403,6957.7148,0.94,43.15,-1.90,10
2014-8-8 22:24:32.0,1,2,4355.3408,6957.7143,1.10,58.64,-2.00,10
2014-8-8 22:24:35.0,1,2,4355.3413,6957.7133,1.19,64.13,-2.00,10
2014-8-8 22:24:38.0,1,2,4355.3413,6957.7119,1.19,65.14,-2.00,10
2014-8-8 22:24:40.984,1,2,4355.3422,6957.7109,1.11,61.82,-2.00,10
2014-8-8 22:24:44.0,1,2,4355.3427,6957.7104,0.98,60.49,-2.00,10
2014-8-8 22:24:47.0,1,2,4355.3432,6957.7094,0.94,56.80,-2.00,10
2014-8-8 22:24:50.0,1,2,4355.3432,6957.7084,0.92,58.66,-2.10,10
2014-8-8 22:24:52.984,1,2,4355.3437,6957.7070,0.89,58.53,-2.10,9
2014-8-8 22:24:56.0,1,2,4355.3447,6957.7070,0.87,56.42,-2.20,10
2014-8-8 22:24:59.0,1,2,4355.3452,6957.7055,0.89,55.11,-2.10,10
2014-8-8 22:25:2.0,1,2,4355.3457,6957.7045,0.90,55.18,-1.90,10
2014-8-8 22:25:4.984,1,2,4355.3457,6957.7036,0.87,56.07,-1.70,10
2014-8-8 22:25:8.0,1,2,4355.3461,6957.7031,0.78,55.61,-1.60,10
2014-8-8 22:25:11.0,1,2,4355.3466,6957.7021,0.72,55.58,-1.40,10
2014-8-8 22:25:14.0,1,2,4355.3466,6957.7021,0.65,56.55,-1.30,10
2014-8-8 22:25:16.984,1,2,4355.3471,6957.7016,0.62,56.57,-1.10,10
2014-8-8 22:25:20.0,1,2,4355.3476,6957.7006,0.63,52.43,-1.10,10
2014-8-8 22:25:23.0,1,2,4355.3476,6957.6997,0.65,50.57,-1.10,10
2014-8-8 22:25:26.0,1,2,4355.3476,6957.6992,0.63,54.54,-0.80,10
2014-8-8 22:25:28.984,1,2,4355.3481,6957.6992,0.63,54.33,-0.60,10
2014-8-8 22:25:32.0,1,2,4355.3486,6957.6982,0.65,52.68,-0.60,10
2014-8-8 22:25:35.0,1,2,4355.3486,6957.6972,0.66,54.20,-0.50,10
2014-8-8 22:25:38.0,1,2,4355.3491,6957.6967,0.66,54.42,-0.50,10
2014-8-8 22:25:40.984,1,2,4355.3496,6957.6958,0.68,52.70,-0.40,10
2014-8-8 22:25:44.0,1,2,4355.3500,6957.6958,0.71,50.63,-0.20,10
2014-8-8 22:25:47.0,1,2,4355.3500,6957.6948,0.74,50.22,-0.10,10
2014-8-8 22:25:50.0,1,2,4355.3500,6957.6943,0.75,51.19,-0.10,10
2014-8-8 22:25:52.984,1,2,4355.3510,6957.6933,0.75,51.38,0.00,10
2014-8-8 22:25:56.0,1,2,4355.3510,6957.6923,0.79,51.01,0.10,10
2014-8-8 22:25:59.0,1,2,4355.3520,6957.6918,0.81,50.09,0.10,10
2014-8-8 22:26:2.0,1,2,4355.3520,6957.6909,0.79,50.60,0.10,10
2014-8-8 22:26:4.984,1,2,4355.3525,6957.6909,0.78,51.63,0.20,10
2014-8-8 22:26:8.0,1,2,4355.3530,6957.6904,0.79,51.97,0.30,10
2014-8-8 22:26:11.0,1,2,4355.3535,6957.6894,0.78,53.56,0.30,10
2014-8-8 22:26:14.0,1,2,4355.3535,6957.6884,0.78,55.90,0.40,10
2014-8-8 22:26:16.984,1,2,4355.3540,6957.6879,0.79,57.56,0.40,10
2014-8-8 22:26:20.0,1,2,4355.3544,6957.6870,0.80,58.06,0.40,10
2014-8-8 22:26:23.0,1,2,4355.3544,6957.6860,0.80,59.25,0.40,10
2014-8-8 22:26:26.0,1,2,4355.3549,6957.6855,0.80,62.78,0.40,10
2014-8-8 22:26:28.984,1,2,4355.3549,6957.6845,0.81,63.46,0.40,10
2014-8-8 22:26:32.0,1,2,4355.3554,6957.6831,0.82,62.76,0.50,10
2014-8-8 22:26:35.0,1,2,4355.3559,6957.6821,0.83,62.87,0.60,10
2014-8-8 22:26:38.0,1,2,4355.3559,6957.6816,0.82,63.37,0.60,10
2014-8-8 22:26:40.984,1,2,4355.3564,6957.6806,0.82,63.01,0.70,10
2014-8-8 22:26:44.0,1,2,4355.3569,6957.6796,0.85,61.79,0.80,10
2014-8-8 22:26:47.0,1,2,4355.3569,6957.6791,0.85,61.38,1.00,10
2014-8-8 22:26:50.0,1,2,4355.3574,6957.6782,0.81,61.33,0.80,10
2014-8-8 22:26:52.984,1,2,4355.3574,6957.6772,0.78,60.27,0.70,10
2014-8-8 22:26:56.0,1,2,4355.3579,6957.6767,0.80,58.51,0.70,10
2014-8-8 22:26:59.0,1,2,4355.3583,6957.6757,0.81,57.73,0.80,10
2014-8-8 22:27:2.0,1,2,4355.3588,6957.6748,0.77,58.36,0.70,10
2014-8-8 22:27:4.984,1,2,4355.3588,6957.6748,0.76,57.76,0.60,10
2014-8-8 22:27:8.0,1,2,4355.3593,6957.6733,0.78,56.58,0.60,10
2014-8-8 22:27:11.0,1,2,4355.3598,6957.6733,0.80,55.24,0.60,10
2014-8-8 22:27:14.0,1,2,4355.3603,6957.6728,0.79,57.28,0.60,10
2014-8-8 22:27:16.984,1,2,4355.3608,6957.6718,0.77,60.17,0.70,10
2014-8-8 22:27:20.0,1,2,4355.3608,6957.6708,0.78,60.79,0.70,10
2014-8-8 22:27:23.0,1,2,4355.3613,6957.6704,0.80,59.22,0.80,10
2014-8-8 22:27:26.0,1,2,4355.3613,6957.6694,0.80,58.94,1.00,10
2014-8-8 22:27:28.984,1,2,4355.3618,6957.6684,0.78,60.53,1.10,10
2014-8-8 22:27:32.0,1,2,4355.3623,6957.6679,0.77,60.83,1.20,10
2014-8-8 22:27:35.0,1,2,4355.3627,6957.6669,0.77,57.60,1.10,10
2014-8-8 22:27:38.0,1,2,4355.3632,6957.6660,0.76,57.23,1.00,10
2014-8-8 22:27:40.984,1,2,4355.3632,6957.6655,0.76,59.76,0.90,10
2014-8-8 22:27:44.0,1,2,4355.3637,6957.6645,0.81,57.78,0.90,10
2014-8-8 22:27:47.0,1,2,4355.3642,6957.6640,0.87,55.28,0.80,10
2014-8-8 22:27:50.0,1,2,4355.3647,6957.6630,0.93,57.84,0.80,10
2014-8-8 22:27:52.984,1,2,4355.3652,6957.6621,1.00,62.93,0.80,10
2014-8-8 22:27:56.0,1,2,4355.3657,6957.6606,1.05,62.03,0.80,10
2014-8-8 22:27:59.0,1,2,4355.3657,6957.6596,1.00,62.30,0.70,10
2014-8-8 22:28:2.0,1,2,4355.3662,6957.6591,0.96,62.93,0.70,10
2014-8-8 22:28:4.984,1,2,4355.3666,6957.6582,0.92,63.44,0.70,10
2014-8-8 22:28:8.0,1,2,4355.3671,6957.6572,0.88,61.57,0.70,10
2014-8-8 22:28:11.0,1,2,4355.3676,6957.6567,0.85,58.38,0.70,10
2014-8-8 22:28:14.0,1,2,4355.3676,6957.6557,0.80,59.68,0.70,10
2014-8-8 22:28:16.984,1,2,4355.3676,6957.6547,0.79,63.14,0.70,10
2014-8-8 22:28:20.0,1,2,4355.3681,6957.6542,0.81,61.88,0.70,10
2014-8-8 22:28:23.0,1,2,4355.3686,6957.6533,0.78,57.98,0.70,10
2014-8-8 22:28:26.0,1,2,4355.3691,6957.6528,0.75,60.46,0.70,10
2014-8-8 22:28:28.984,1,2,4355.3696,6957.6518,0.75,64.97,0.80,10
2014-8-8 22:28:32.0,1,2,4355.3696,6957.6508,0.78,63.17,0.80,10
2014-8-8 22:28:35.0,1,2,4355.3701,6957.6503,0.81,61.31,0.70,10
2014-8-8 22:28:38.0,1,2,4355.3701,6957.6494,0.77,65.14,0.80,10
2014-8-8 22:28:40.984,1,2,4355.3701,6957.6484,0.72,70.21,0.90,10
2014-8-8 22:28:44.0,1,2,4355.3706,6957.6479,0.67,65.12,0.70,10
2014-8-8 22:28:47.0,1,2,4355.3706,6957.6469,0.60,60.17,0.70,10
2014-8-8 22:28:50.0,1,2,4355.3710,6957.6469,0.50,60.81,0.60,10
2014-8-8 22:28:52.984,1,2,4355.3710,6957.6459,0.41,64.60,0.70,10
2014-8-8 22:28:56.0,1,2,4355.3710,6957.6459,0.40,61.79,0.70,10
2014-8-8 22:28:59.0,1,2,4355.3715,6957.6455,0.43,56.39,0.80,10
2014-8-8 22:29:2.0,1,2,4355.3720,6957.6455,0.43,60.27,0.80,10
2014-8-8 22:29:4.984,1,2,4355.3720,6957.6445,0.43,67.48,0.80,10
2014-8-8 22:29:8.0,1,2,4355.3720,6957.6445,0.42,64.88,0.80,10
2014-8-8 22:29:11.0,1,2,4355.3720,6957.6440,0.43,59.34,0.80,10
2014-8-8 22:29:14.0,1,2,4355.3720,6957.6430,0.44,63.83,0.80,10
2014-8-8 22:29:16.984,1,2,4355.3720,6957.6430,0.45,70.68,0.80,10
2014-8-8 22:29:20.0,1,2,4355.3725,6957.6420,0.47,67.96,0.80,10
2014-8-8 22:29:23.0,1,2,4355.3725,6957.6420,0.47,66.10,0.80,10
2014-8-8 22:29:26.0,1,2,4355.3725,6957.6416,0.44,66.34,0.80,10
2014-8-8 22:29:28.984,1,2,4355.3730,6957.6406,0.45,69.02,0.80,10
2014-8-8 22:29:32.0,1,2,4355.3730,6957.6406,0.48,65.24,0.90,10
2014-8-8 22:29:35.0,1,2,4355.3735,6957.6396,0.49,61.63,0.90,10
2014-8-8 22:29:38.0,1,2,4355.3735,6957.6396,0.45,60.98,0.90,10
2014-8-8 22:29:40.984,1,2,4355.3735,6957.6391,0.44,60.62,0.90,10
2014-8-8 22:29:44.0,1,2,4355.3740,6957.6381,0.47,58.08,0.90,10
2014-8-8 22:29:47.0,1,2,4355.3745,6957.6381,0.47,55.26,0.90,10
2014-8-8 22:29:50.0,1,2,4355.3745,6957.6372,0.43,54.82,0.90,10
2014-8-8 22:29:52.984,1,2,4355.3745,6957.6372,0.41,55.39,1.00,10
2014-8-8 22:29:56.0,1,2,4355.3745,6957.6367,0.40,55.06,1.00,10
2014-8-8 22:29:59.0,1,2,4355.3750,6957.6367,0.40,51.09,0.90,10
2014-8-8 22:30:2.0,1,2,4355.3750,6957.6367,0.41,54.27,0.90,10
2014-8-8 22:30:4.984,1,2,4355.3754,6957.6357,0.41,59.91,1.00,10
2014-8-8 22:30:8.0,1,2,4355.3754,6957.6352,0.38,57.03,1.00,10
2014-8-8 22:30:11.0,1,2,4355.3759,6957.6352,0.39,52.72,1.00,10
2014-8-8 22:30:14.0,1,2,4355.3759,6957.6352,0.38,57.56,1.00,10
2014-8-8 22:30:16.984,1,2,4355.3759,6957.6342,0.39,65.00,1.00,10
2014-8-8 22:30:20.0,1,2,4355.3764,6957.6342,0.38,63.38,1.10,10
2014-8-8 22:30:23.0,1,2,4355.3764,6957.6333,0.37,60.58,1.10,10
2014-8-8 22:30:26.0,1,2,4355.3764,6957.6333,0.45,65.60,1.00,10
2014-8-8 22:30:28.984,1,2,4355.3764,6957.6328,0.52,75.25,1.00,10
2014-8-8 22:30:32.0,1,2,4355.3764,6957.6318,0.41,68.55,1.10,10
2014-8-8 22:30:35.0,1,2,4355.3764,6957.6318,0.42,63.34,1.00,10
2014-8-8 22:30:38.0,1,2,4355.3764,6957.6308,0.39,71.29,1.00,10
2014-8-8 22:30:40.984,1,2,4355.3769,6957.6308,0.43,75.54,1.10,10
2014-8-8 22:30:44.0,1,2,4355.3769,6957.6303,0.43,73.48,1.10,10
2014-8-8 22:30:47.0,1,2,4355.3769,6957.6303,0.44,72.61,1.10,10
2014-8-8 22:30:50.0,1,2,4355.3774,6957.6293,0.37,76.02,1.10,10
2014-8-8 22:30:52.984,1,2,4355.3774,6957.6284,0.37,84.46,1.10,10
2014-8-8 22:30:56.0,1,2,4355.3774,6957.6284,0.37,83.03,1.00,10
2014-8-8 22:30:59.0,1,2,4355.3774,6957.6279,0.49,77.26,1.00,10
2014-8-8 22:31:2.0,1,2,4355.3774,6957.6279,0.93,74.18,1.10,10
2014-8-8 22:31:4.984,1,2,4355.3784,6957.6264,1.56,64.17,1.20,10
2014-8-8 22:31:8.0,1,2,4355.3789,6957.6240,2.32,56.57,1.20,10
2014-8-8 22:31:11.0,1,2,4355.3798,6957.6215,2.56,60.96,1.10,10
2014-8-8 22:31:14.0,1,2,4355.3808,6957.6181,2.82,65.20,1.20,10
2014-8-8 22:31:16.984,1,2,4355.3813,6957.6152,2.94,68.90,1.20,10
2014-8-8 22:31:20.0,1,2,4355.3823,6957.6118,2.74,73.37,1.10,10
2014-8-8 22:31:23.0,1,2,4355.3828,6957.6093,2.40,76.10,1.20,10
2014-8-8 22:31:26.0,1,2,4355.3833,6957.6069,1.85,71.83,1.30,10
2014-8-8 22:31:28.984,1,2,4355.3833,6957.6054,1.40,63.49,1.30,10
2014-8-8 22:31:32.0,1,2,4355.3837,6957.6044,1.02,56.70,1.20,10
2014-8-8 22:31:35.0,1,2,4355.3842,6957.6040,0.97,50.78,1.30,10
2014-8-8 22:31:38.0,1,2,4355.3847,6957.6030,0.85,51.55,1.40,10
2014-8-8 22:31:40.984,1,2,4355.3852,6957.6020,0.76,51.25,1.40,10
2014-8-8 22:31:44.0,1,2,4355.3852,6957.6020,0.72,51.54,1.40,10
2014-8-8 22:31:47.0,1,2,4355.3862,6957.6015,0.72,51.49,1.40,10
2014-8-8 22:31:50.0,1,2,4355.3862,6957.6005,0.68,53.25,1.50,10
2014-8-8 22:31:52.984,1,2,4355.3867,6957.5996,0.61,55.56,1.60,10
2014-8-8 22:31:56.0,1,2,4355.3872,6957.5996,0.57,60.14,1.60,10
2014-8-8 22:31:59.0,1,2,4355.3872,6957.5991,0.56,64.99,1.50,10
2014-8-8 22:32:2.0,1,2,4355.3872,6957.5981,0.55,67.17,1.50,10
2014-8-8 22:32:4.984,1,2,4355.3876,6957.5981,0.56,69.28,1.60,10
2014-8-8 22:32:8.0,1,2,4355.3876,6957.5976,0.55,71.04,1.60,10
2014-8-8 22:32:11.0,1,2,4355.3876,6957.5966,0.55,74.62,1.60,10
2014-8-8 22:32:14.0,1,2,4355.3876,6957.5957,0.50,75.61,1.60,10
2014-8-8 22:32:16.984,1,2,4355.3876,6957.5952,0.50,78.17,1.50,10
2014-8-8 22:32:20.0,1,2,4355.3876,6957.5952,0.52,81.90,1.50,10
2014-8-8 22:32:23.0,1,2,4355.3876,6957.5942,0.51,82.21,1.50,10
2014-8-8 22:32:26.0,1,2,4355.3876,6957.5932,0.51,81.03,1.50,10
2014-8-8 22:32:28.984,1,2,4355.3876,6957.5932,0.50,82.28,1.50,10
2014-8-8 22:32:32.0,1,2,4355.3876,6957.5927,0.53,87.03,1.60,10
2014-8-8 22:32:35.0,1,2,4355.3876,6957.5917,0.52,87.48,1.70,10
2014-8-8 22:32:38.0,1,2,4355.3881,6957.5908,0.50,84.13,1.80,10
2014-8-8 22:32:40.984,1,2,4355.3881,6957.5908,0.49,88.46,1.80,10
2014-8-8 22:32:44.0,1,2,4355.3876,6957.5903,0.51,92.76,1.70,10
2014-8-8 22:32:47.0,1,2,4355.3876,6957.5893,0.50,94.03,1.70,10
2014-8-8 22:32:50.0,1,2,4355.3876,6957.5888,0.49,92.93,1.70,10
2014-8-8 22:32:52.984,1,2,4355.3876,6957.5888,0.49,94.41,1.70,10
2014-8-8 22:32:56.0,1,2,4355.3876,6957.5878,0.49,98.53,1.70,10
2014-8-8 22:32:59.0,1,2,4355.3876,6957.5869,0.51,97.71,1.80,10
2014-8-8 22:33:2.0,1,2,4355.3876,6957.5869,0.48,95.27,1.80,10
2014-8-8 22:33:4.984,1,2,4355.3876,6957.5864,0.50,95.59,1.80,10
2014-8-8 22:33:8.0,1,2,4355.3876,6957.5854,0.50,100.18,1.90,10
2014-8-8 22:33:11.0,1,2,4355.3876,6957.5854,0.50,101.21,2.00,10
2014-8-8 22:33:14.0,1,2,4355.3876,6957.5844,0.47,98.45,2.00,10
2014-8-8 22:33:16.984,1,2,4355.3876,6957.5839,0.46,100.59,2.10,10
2014-8-8 22:33:20.0,1,2,4355.3876,6957.5839,0.48,100.47,2.10,10
2014-8-8 22:33:23.0,1,2,4355.3876,6957.5830,0.46,99.01,2.10,10
2014-8-8 22:33:26.0,1,2,4355.3872,6957.5820,0.46,99.22,2.10,10
2014-8-8 22:33:28.984,1,2,4355.3872,6957.5820,0.46,102.38,2.10,10
2014-8-8 22:33:32.0,1,2,4355.3872,6957.5815,0.44,105.44,2.20,10
2014-8-8 22:33:35.0,1,2,4355.3872,6957.5805,0.44,105.41,2.20,10
2014-8-8 22:33:38.0,1,2,4355.3872,6957.5805,0.39,108.52,2.20,10
2014-8-8 22:33:40.984,1,2,4355.3867,6957.5795,0.36,111.84,2.20,10
2014-8-8 22:33:44.0,1,2,4355.3867,6957.5795,0.32,114.80,2.20,10
2014-8-8 22:33:47.0,1,2,4355.3867,6957.5791,0.31,113.75,2.20,10
2014-8-8 22:33:50.0,1,2,4355.3862,6957.5791,0.25,116.46,2.20,10
2014-8-8 22:33:52.984,1,2,4355.3862,6957.5791,0.29,121.65,2.20,10
2014-8-8 22:33:56.0,1,2,4355.3862,6957.5781,0.35,117.76,2.20,10
2014-8-8 22:33:59.0,1,2,4355.3862,6957.5781,0.36,116.15,2.20,10
2014-8-8 22:34:2.0,1,2,4355.3857,6957.5776,0.31,121.04,2.20,10
2014-8-8 22:34:4.984,1,2,4355.3857,6957.5776,0.29,124.30,2.10,10
2014-8-8 22:34:8.0,1,2,4355.3852,6957.5776,0.28,120.15,2.10,10
2014-8-8 22:34:11.0,1,2,4355.3852,6957.5776,0.25,113.48,2.10,10
2014-8-8 22:34:14.0,1,2,4355.3852,6957.5766,0.25,119.63,2.10,10
2014-8-8 22:34:16.984,1,2,4355.3852,6957.5766,0.30,127.96,2.10,10
2014-8-8 22:34:20.0,1,2,4355.3852,6957.5756,0.31,125.65,2.00,10
2014-8-8 22:34:23.0,1,2,4355.3852,6957.5756,0.31,120.83,2.00,10
2014-8-8 22:34:26.0,1,2,4355.3847,6957.5756,0.34,125.85,1.90,10
2014-8-8 22:34:28.984,1,2,4355.3847,6957.5751,0.34,129.13,1.90,10
2014-8-8 22:34:32.0,1,2,4355.3847,6957.5751,0.35,124.74,1.90,10
2014-8-8 22:34:35.0,1,2,4355.3842,6957.5742,0.33,120.62,1.90,10
2014-8-8 22:34:38.0,1,2,4355.3842,6957.5742,0.38,124.46,1.80,10
2014-8-8 22:34:40.984,1,2,4355.3837,6957.5742,0.40,129.55,1.80,10
2014-8-8 22:34:44.0,1,2,4355.3837,6957.5732,0.37,126.57,1.80,10
2014-8-8 22:34:47.0,1,2,4355.3837,6957.5732,0.33,122.39,1.70,10
2014-8-8 22:34:50.0,1,2,4355.3833,6957.5727,0.38,126.51,1.70,10
2014-8-8 22:34:52.984,1,2,4355.3833,6957.5727,0.40,130.85,1.70,10
2014-8-8 22:34:56.0,1,2,4355.3833,6957.5727,0.34,128.21,1.60,10
2014-8-8 22:34:59.0,1,2,4355.3833,6957.5717,0.33,126.09,1.60,10
2014-8-8 22:35:2.0,1,2,4355.3828,6957.5717,0.35,128.69,1.60,10
2014-8-8 22:35:4.984,1,2,4355.3823,6957.5708,0.38,129.56,1.60,10
2014-8-8 22:35:8.0,1,2,4355.3823,6957.5708,0.36,125.14,1.50,10
2014-8-8 22:35:11.0,1,2,4355.3823,6957.5708,0.36,121.39,1.50,10
2014-8-8 22:35:14.0,1,2,4355.3818,6957.5703,0.38,126.29,1.50,10
2014-8-8 22:35:16.984,1,2,4355.3818,6957.5703,0.42,130.21,1.50,10
2014-8-8 22:35:20.0,1,2,4355.3813,6957.5693,0.40,123.94,1.50,10
2014-8-8 22:35:23.0,1,2,4355.3813,6957.5693,0.38,117.38,1.40,10
2014-8-8 22:35:26.0,1,2,4355.3813,6957.5688,0.42,123.30,1.40,10
2014-8-8 22:35:28.984,1,2,4355.3808,6957.5688,0.46,128.59,1.40,10
2014-8-8 22:35:32.0,1,2,4355.3808,6957.5678,0.43,121.92,1.40,10
2014-8-8 22:35:35.0,1,2,4355.3808,6957.5678,0.42,116.05,1.40,10
2014-8-8 22:35:38.0,1,2,4355.3808,6957.5668,0.47,121.12,1.30,10
2014-8-8 22:35:40.984,1,2,4355.3803,6957.5664,0.51,125.07,1.30,10
2014-8-8 22:35:44.0,1,2,4355.3798,6957.5664,0.46,118.25,1.30,10
2014-8-8 22:35:47.0,1,2,4355.3798,6957.5654,0.52,114.27,1.30,10
2014-8-8 22:35:50.0,1,2,4355.3798,6957.5644,0.56,117.59,1.20,10
2014-8-8 22:35:52.984,1,2,4355.3793,6957.5644,0.60,117.21,1.20,10
2014-8-8 22:35:56.0,1,2,4355.3793,6957.5639,0.60,111.21,1.30,10
2014-8-8 22:35:59.0,1,2,4355.3789,6957.5629,1.20,112.75,1.30,10
2014-8-8 22:36:2.0,1,2,4355.3784,6957.5605,1.98,120.27,1.20,10
2014-8-8 22:36:4.984,1,2,4355.3764,6957.5590,2.42,125.75,1.10,10
2014-8-8 22:36:8.0,1,2,4355.3745,6957.5590,2.32,135.11,1.20,10
2014-8-8 22:36:11.0,1,2,4355.3725,6957.5590,2.34,147.03,1.20,10
2014-8-8 22:36:14.0,1,2,4355.3701,6957.5605,2.48,160.97,1.30,10
2014-8-8 22:36:16.984,1,2,4355.3686,6957.5620,2.67,175.40,1.40,10
2014-8-8 22:36:20.0,1,2,4355.3671,6957.5644,2.74,188.74,1.40,10
2014-8-8 22:36:23.0,1,2,4355.3657,6957.5668,2.80,200.79,1.40,10
2014-8-8 22:36:26.0,1,2,4355.3642,6957.5693,2.84,210.78,1.60,10
2014-8-8 22:36:28.984,1,2,4355.3627,6957.5727,2.94,218.11,1.80,10
2014-8-8 22:36:32.0,1,2,4355.3613,6957.5751,3.04,223.05,1.90,10
2014-8-8 22:36:35.0,1,2,4355.3593,6957.5781,3.12,227.70,1.80,10
2014-8-8 22:36:38.0,1,2,4355.3579,6957.5805,3.12,232.55,2.10,10
2014-8-8 22:36:40.984,1,2,4355.3564,6957.5839,3.11,232.84,2.20,10
2014-8-8 22:36:44.0,1,2,4355.3544,6957.5864,3.15,233.16,2.20,10
2014-8-8 22:36:47.0,1,2,4355.3525,6957.5893,3.20,232.03,2.30,10
2014-8-8 22:36:50.0,1,2,4355.3510,6957.5927,3.23,230.28,2.40,10
2014-8-8 22:36:52.984,1,2,4355.3491,6957.5952,3.33,229.26,2.50,10
2014-8-8 22:36:56.0,1,2,4355.3471,6957.5981,3.44,226.85,2.40,10
2014-8-8 22:36:59.0,1,2,4355.3457,6957.6015,3.45,225.86,2.30,10
2014-8-8 22:37:2.0,1,2,4355.3432,6957.6040,3.38,224.17,2.50,10
2014-8-8 22:37:4.984,1,2,4355.3413,6957.6064,3.35,220.33,2.50,10
2014-8-8 22:37:8.0,1,2,4355.3388,6957.6093,3.35,221.94,2.40,10
2014-8-8 22:37:11.0,1,2,4355.3374,6957.6118,3.29,224.71,2.40,10
2014-8-8 22:37:14.0,1,2,4355.3354,6957.6142,3.20,221.40,2.40,10
2014-8-8 22:37:16.984,1,2,4355.3334,6957.6166,3.14,222.95,2.40,10
2014-8-8 22:37:20.0,1,2,4355.3315,6957.6191,3.17,220.46,2.40,10
2014-8-8 22:37:23.0,1,2,4355.3295,6957.6215,3.24,220.97,2.40,10
2014-8-8 22:37:26.0,1,2,4355.3276,6957.6240,3.21,222.02,2.40,10
2014-8-8 22:37:28.984,1,2,4355.3256,6957.6264,3.22,222.42,2.60,10
2014-8-8 22:37:32.0,1,2,4355.3237,6957.6293,3.25,222.58,2.70,10
2014-8-8 22:37:35.0,1,2,4355.3212,6957.6318,3.21,220.87,2.60,10
2014-8-8 22:37:38.0,1,2,4355.3188,6957.6333,3.19,213.66,2.60,10
2014-8-8 22:37:40.984,1,2,4355.3168,6957.6357,3.22,212.27,2.60,10
2014-8-8 22:37:44.0,1,2,4355.3144,6957.6372,3.19,211.65,2.80,10
2014-8-8 22:37:47.0,1,2,4355.3125,6957.6396,3.13,214.28,2.80,10
2014-8-8 22:37:50.0,1,2,4355.3105,6957.6420,3.14,221.34,2.90,10
2014-8-8 22:37:52.984,1,2,4355.3085,6957.6445,3.19,224.44,2.90,10
2014-8-8 22:37:56.0,1,2,4355.3071,6957.6469,3.15,223.16,3.20,10
2014-8-8 22:37:59.0,1,2,4355.3051,6957.6494,3.08,224.24,3.20,10
2014-8-8 22:38:2.0,1,2,4355.3032,6957.6518,2.81,209.61,3.50,10
2014-8-8 22:38:4.984,1,2,4355.3012,6957.6528,2.59,210.74,3.20,10
2014-8-8 22:38:8.0,1,2,4355.2998,6957.6533,2.23,204.05,2.60,10
2014-8-8 22:38:11.0,1,2,4355.2998,6957.6542,0.14,204.24,2.20,10
2014-8-8 22:38:14.0,1,2,4355.2998,6957.6542,0.03,204.24,2.10,10
2014-8-8 22:38:16.984,1,2,4355.2998,6957.6542,0.02,204.24,2.10,10
2014-8-8 22:38:20.0,1,2,4355.2998,6957.6542,0.02,204.24,2.10,10
2014-8-8 22:38:23.0,1,2,4355.2998,6957.6533,0.04,204.24,2.10,10
2014-8-8 22:38:26.0,1,2,4355.2998,6957.6533,0.02,204.24,2.10,10
2014-8-8 22:38:28.984,1,2,4355.2998,6957.6533,0.00,204.24,2.10,10
2014-8-8 22:38:32.0,1,2,4355.2998,6957.6533,0.03,204.24,2.10,10
2014-8-8 22:38:35.0,1,2,4355.2998,6957.6533,0.01,204.24,2.10,10
2014-8-8 22:38:38.0,1,2,4355.2998,6957.6533,0.01,204.24,2.10,10
2014-8-8 22:38:40.984,1,2,4355.2998,6957.6533,0.01,204.24,2.10,10
2014-8-8 22:38:44.0,1,2,4355.2998,6957.6533,0.02,204.24,2.10,10
2014-8-8 22:38:47.0,1,2,4355.2998,6957.6533,0.01,204.24,2.10,10
2014-8-8 22:38:50.0,1,2,4355.2998,6957.6533,0.01,204.24,2.10,10
2014-8-8 22:38:52.984,1,2,4355.2998,6957.6533,0.01,204.24,2.10,10
2014-8-8 22:38:56.0,1,2,4355.2993,6957.6533,0.01,204.24,2.20,10
2014-8-8 22:38:59.0,1,2,4355.2993,6957.6528,0.01,204.24,2.40,10
2014-8-8 22:39:2.0,1,2,4355.2993,6957.6528,0.01,204.24,2.60,10
2014-8-8 22:39:4.984,1,2,4355.2993,6957.6528,0.01,204.24,2.60,10
2014-8-8 22:39:8.0,1,2,4355.2993,6957.6528,0.02,204.24,2.70,10
2014-8-8 22:39:11.0,1,2,4355.2993,6957.6528,0.01,204.24,2.70,10
2014-8-8 22:39:14.0,1,2,4355.2993,6957.6528,0.01,204.24,2.70,10
2014-8-8 22:39:16.984,1,2,4355.2993,6957.6528,0.01,204.24,2.70,10
2014-8-8 22:39:20.0,1,2,4355.2993,6957.6528,0.01,204.24,2.70,10
2014-8-8 22:39:23.0,1,2,4355.2993,6957.6528,0.02,204.24,2.70,10
2014-8-8 22:39:26.0,1,2,4355.2993,6957.6528,0.01,204.24,2.70,10
2014-8-8 22:39:28.984,1,2,4355.2993,6957.6528,0.01,204.24,2.70,10
2014-8-8 22:39:32.0,1,2,4355.2993,6957.6528,0.03,204.24,2.70,10
